,Label,Detectors,Lat,Lng
-121,46.74828,-92.14647
1,I-35 NB @ Oredocks,C35-123,46.75367,-92.13626
2,I-35 NB @ 29th Ave W,C35-125,46.75718,-92.1305
3,T.H.55 WB @ Winnetka Ave,C5530,44.98319,-93.38063
4,T.H.55 WB @ Douglas Dr,C5533,44.98517,-93.36002
5,T.H.10 WB (Royalton),C30079,45.83383,-94.29713
6,I-35 NB @ 22nd Ave W,C35-132,46.76284,-92.12503
7,I-35 SB @ T.H.53,C35-136,46.76536,-92.12406
8,I-35 SB @ 22nd Ave W,C35-131,46.76302,-92.12559
9,T.H.169 NB N of T.H.41,C30061,44.77227,-93.56966
10,I-35 SB @ Lemond Rd,D6-C130,44.07152,-93.25606
11,I-35 NB @ U.S.14,D6-C131,44.05876,-93.24958
12,I-35 NB @ Central Ave,C35-100,46.73577,-92.16522
13,I-35,D6-C132,44.04093,-93.24848
14,I-35 (37.90),D6-C133,44.02639,-93.24663
15,I-35 (51.00),D6-C120,44.21312,-93.27404
16,T.H.55 WB @ Clydesdale Trail,C5520,45.04418,-93.53251
17,I-35 @ Co Rd 34,D6-C127,44.11016,-93.24588
18,I-35 S of Hoffman Dr,D6-C128,44.09264,-93.24445
19,I-35 @ Co Rd 9,D6-C125,44.13852,-93.24925
20,I-35 @ Co Rd 12,D6-C123,44.17324,-93.26273
21,T.H.55 WB @ Industrial Park Blvd,C5523,45.00265,-93.44468
22,I-35 (46.50),D6-C124,44.15039,-93.2571
23,I-35 (50.00),D6-C121,44.19875,-93.2553
24,T.H.55 WB @ W Medicine Lake Dr,C5525,44.98856,-93.42384
25,I-35 (49.00),D6-C122,44.18611,-93.25581
26,I-35 SB @ Bridge St,D6-C129,44.08432,-93.24724
27,I-35 NB (55.60),D6-C116,44.27583,-93.29767
28,I-35 SB (54.00),D6-C117,44.25415,-93.28697
29,I-35 SB (56.90),D6-C114,44.29106,-93.30964
30,I-35 SB (56.40),D6-C115,44.28106,-93.30764
31,I-35 SB (58.70),D6-C112,44.31729,-93.30688
32,I-35 SB (57.90),D6-C113,44.3043,-93.30977
33,I-35 NB (60.00),D6-C110,44.33251,-93.29303
34,I-35 NB (59.20),D6-C111,44.32078,-93.29914
35,I-35 NB (53.00),D6-C118,44.24056,-93.2807
36,I-35 SB (52.00),D6-C119,44.22559,-93.277
37,I-90 WB @ U.S.61,D6-C340,43.85737,-91.30381
38,I-35 NB @ 9th Ave W,C35-177,46.7786,-92.10449
39,I-35 SB @ Allworth Bldg,C35-179,46.78345,-92.10182
40,I-35 SB (63.30),D6-C105,44.38111,-93.29528
41,I-35 NB (63.20),D6-C106,44.37987,-93.29271
42,I-35 NB (64.70),D6-C103,44.39984,-93.29246
43,I-35 NB (64.00),D6-C104,44.39055,-93.29236
44,I-35 NB (66.70),D6-C101,44.42878,-93.29193
45,I-35 NB (65.70),D6-C102,44.41383,-93.29226
46,U.S.61 NB S of I-90,D6-C341,43.85304,-91.30078
47,I-35 NB (68.10),D6-C100,44.44806,-93.29158
48,I-35 SB (61.10),D6-C109,44.34824,-93.29306
49,I-35 NB (62.60),D6-C107,44.37079,-93.29306
50,I-35 NB (62.00),D6-C108,44.35719,-93.29272
51,I-394 EB @ Hampshire Ave,C909,44.97115,-93.3652
52,T.H.62 WB @ Dodd Rd,C1115,44.8841,-93.12489
53,I-394 EB @ Winnetka Ave,C908,44.9711,-93.3791
54,I-394 EB @ General Mills Blvd,C907,44.97359,-93.38919
55,I-394 EB @ U.S.169 SB,C906,44.97283,-93.40089
56,I-394 EB @ Co Rd 73,C905,44.97059,-93.42085
57,West River St SB,C1110,44.97774,-93.24739
58,I-394 WB @ Plymouth Rd,C904,44.97124,-93.43985
59,I-394 EB @ I-494 SB,C903,44.97062,-93.46084
60,U.S.12 EB @ Co Rd 15,C902,44.9708,-93.48348
61,U.S.12 WB @ Central Ave,C901,44.97657,-93.50177
62,T.H.62 EB @ Mendota Rd,C1117,44.8822,-93.09121
63,T.H.62 EB @ Delaware Ave,C1116,44.88302,-93.10686
64,U.S.61 NB N of I-90,D6-C338,43.86663,-91.31208
65,U.S.61 SB @ I-90,D6-C339,43.858,-91.30677
66,I-394 EB @ Louisiana Ave,C9081,44.97089,-93.37091
67,I-394 WB @ Glenwood Ave,C919,44.97838,-93.28122
68,I-394 EB @ I-94 SB,C918,44.97449,-93.28826
69,I-394 WB @ I-94,C917,44.97524,-93.28826
70,I-394 EB @ Dunwoody Blvd,C916,44.96926,-93.30185
71,I-394 EB @ Wirth Pkwy,C914,44.96999,-93.32398
72,I-394 EB @ France Ave,C913,44.96991,-93.32773
73,I-394 WB @ T.H.100,C912,44.97122,-93.34042
74,I-394 EB W of T.H.100,C911,44.97014,-93.34288
75,I-394 EB @ Xenia Ave,C910,44.97002,-93.35132
76,T.H.52 SB S of 100th St NW,D6-C001a,44.13435,-92.52559
77,I-394 EB @ 7th St,C920,44.98031,-93.2765
78,6th Ave NB,C1109,44.97938,-93.24297
79,I-394 WB W of Winnetka Ave,C9071,44.9731,-93.38321
80,T.H.13 EB @ Co Rd 5,C1313,44.77234,-93.30509
81,T.H.53 NB (N END VIRGINIA BRIDGE),C30019,47.51554,-92.52616
82,T.H.13 EB @ Nicollet Ave,C1312,44.77736,-93.27792
83,I-35 SB @ 6th Ave E,C35-188,46.79322,-92.09091
84,I-694 EB @ Victoria St,C709,45.05582,-93.1317
85,T.H.13 WB @ Portland Ave,C1311,44.7815,-93.26722
86,I-694 EB @ Lexington Ave,C708,45.05931,-93.14733
87,T.H.13 EB @ Parkwood Dr,C1310,44.78388,-93.25588
88,I-694 NB @ T.H.10,C707,45.0664,-93.16665
89,I-694 EB @ I-35W NB,C706,45.06673,-93.1839
90,I-694 WB @ 5th Ave,C705,45.0669,-93.19308
91,I-694 EB @ Silver Lake Rd,C704,45.06415,-93.2186
92,I-694 EB @ T.H.65,C703,45.06671,-93.24308
93,T.H.63 SB @ Tyrol Lane SE,C30012,43.92915,-92.47226
94,I-694 EB @ Main St,C702,45.06909,-93.268
95,T.H.63 SB @ C.S.A.H.16 EB,C30011,43.91689,-92.47772
96,T.H.63 SB @ 48th St EB,C30014,43.95289,-92.4688
97,I-694 WB @ T.H.252,C701,45.07006,-93.28832
98,T.H.13 SB @ 126th St,C1318,44.77546,-93.37834
99,I-35 SB @ Lake Ave,C35-182,46.78649,-92.09717
100,T.H.63 NB @ Quarve Rd SE,C30013,43.93955,-92.4652
101,T.H.13 EB @ T.H.101,C1317,44.77928,-93.37792
102,T.H.371 NB @ Co Rd 16 WB,C30016,46.63144,-94.32497
103,T.H.13 WB @ Quentin Ave,C1316,44.77942,-93.34376
104,T.H.63 NB @ 40th St EB,C30015,43.9636,-92.46306
105,T.H.53 (S END VIRGINIA BRIDGE),C30018,47.51605,-92.52187
106,T.H.13 WB @ Lynn Ave,C1315,44.77883,-93.33545
107,I-35 NB @ Lake Pl,C35-185,46.78966,-92.09279
108,T.H.55 EB @ T.H.25 NB,C30017,45.18177,-93.87591
109,T.H.13 WB @ Washburn Ave S,C1314,44.7755,-93.31852
110,T.H.63 SB S of 80th St,C30010,43.90612,-92.48159
111,T.H.63 SB @ T.H.30,C30009,43.89215,-92.48682
112,T.H.13 @ South Park Drive,C1324,44.74216,-93.38002
113,T.H.13 SB @ Egan Dr,C1323,44.74635,-93.37924
114,T.H.63 SB @ I-90 EB,C30008,43.88464,-92.4884
115,T.H.13 NB @ Connelly Pkwy,C1322,44.7498,-93.37942
116,I-694 WB @ T.H.36 WB,C719,45.03016,-92.96216
117,T.H.13 SB @ McColl Drive,C1321,44.76077,-93.37937
118,I-694 WB @ Century Ave,C718,45.03481,-92.98417
119,I-694 WB @ McKnight Rd,C717,45.03663,-93.00225
120,I-694 WB @ White Bear Ave,C716,45.03752,-93.01813
121,I-694 EB @ T.H.61,C715,45.03731,-93.04303
122,T.H.210 WB @ 4th St NB,C30001,46.35769,-94.21608
123,I-694 WB @ Labore Rd,C714,45.03727,-93.06431
124,I-694 WB @ Edgerton St,C713,45.03725,-93.07711
125,I-35 SB @ 10th Ave E,C35-191,46.79595,-92.086
126,T.H.210 EB @ T.H.371 NB,C30000,46.35157,-94.2438
127,I-694 EB @ I-35E,C712,45.03423,-93.0897
128,T.H.210 WB @ Gillis Ave. SB,C30003,46.35988,-94.18962
129,I-35 SB @ U.S.14,D6-C131a,44.0599,-93.25139
130,I-694 EB @ Rice St,C711,45.04271,-93.10463
131,I-35 NB (Leif Ericson Tunnel),C35-194,46.79744,-92.08197
132,T.H.371 SB @ Co Rd 77 EB,C30005,46.3854,-94.25845
133,I-694 WB W of Rice St,C710,45.05012,-93.11345
134,I-35 SB (Leif Ericson Tunnel),C35-195,46.79774,-92.08211
135,T.H.210 EB @ T.H.25 NB,C30004,46.36227,-94.17711
136,I-35E @ Pennsylvania Ave,C3501,44.96146,-93.09001
137,T.H.371 SB @ Co Rd 77 WB,C30007,46.50009,-94.29842
138,T.H.371 NB (Brainerd Raceway),C30006,46.4175,-94.28666
139,I-394 WB W of Shelard Pkwy,C9051,44.97344,-93.41031
140,T.H.55 WB @ Rockford Rd,C1533,45.02326,-93.49289
141,T.H.55 EB @ Peony Ln,C1532,45.03212,-93.50756
142,T.H.55 WB @ Sioux Tr,C1531,45.04377,-93.52519
143,T.H.55 EB @ Pinto Dr,C1530,45.04575,-93.54229
144,T.H.75 SB @ 24th Ave,C75-04,46.85101,-96.76858
145,T.H.75 SB @ 20th Ave,C75-05,46.85471,-96.76853
146,T.H.75 SB @ 12th Ave,C75-06,46.8619,-96.76836
147,I-694 NB @ 10th St,C725,44.96311,-92.95783
148,I-94 EB (Enfield Rest Area),C30034,45.35001,-93.9062
149,I-94 EB (Enfield Rest Area),C30033,45.35021,-93.90671
150,I-694 NB @ 15th St N,C724,44.97038,-92.95832
151,I-694 SB @ Stillwater Blvd,C723,44.98724,-92.96102
152,T.H.55 EB @ South Shore Dr,C1539,44.98771,-93.41971
153,I-94 EB (Elm Creek Rest Area),C30036,45.11107,-93.47285
154,T.H.55 EB @ Co Rd 6,C1538,44.99901,-93.44238
155,I-694 NB @ Co Rd 14,C722,44.998,-92.95894
156,I-94 EB (Enfield Rest Area),C30035,45.34982,-93.90567
157,I-94 EB @ St. Croix RA,C30038,44.95091,-92.82248
158,I-694 NB @ 40th St,C721,45.00674,-92.9574
159,T.H.55 WB @ Xenium Ln,C1537,45.00876,-93.45088
160,I-94 EB (Elm Creek Rest Area),C30037,45.11092,-93.47253
161,I-694 NB @ 50th St,C720,45.01874,-92.95864
162,T.H.55 EB @ Fernbrook Ln,C1535,45.01151,-93.46118
163,I-94 EB @ St. Croix RA,C30039,44.95052,-92.82118
164,T.H.55 EB @ Vicksburg Ln,C1534,45.01804,-93.48125
165,I-94 EB (Big Spunk Rest Area),C30030,45.60382,-94.48407
166,I-94 EB (Big Spunk Rest Area),C30032,45.60352,-94.48287
167,I-94 EB (Big Spunk Rest Area),C30031,45.60369,-94.48344
168,T.H.75 NB @ 40th Ave,C75-01,46.8334,-96.76721
169,T.H.75 SB @ I-94,C75-02,46.84605,-96.76858
170,T.H.75 NB @ I-94,C75-03,46.84843,-96.76746
171,T.H.55 WB @ Schaper Rd,C1544,44.98453,-93.34252
172,T.H.13 @ Mendota Heights Rd,C1301,44.86613,-93.17253
173,T.H.55 WB @ Glenwood Ave,C1543,44.98282,-93.37043
174,T.H.13 @ Pilot Knob Rd,C1300,44.87223,-93.16736
175,T.H.55 EB @ Rhode Island Ave,C1542,44.98295,-93.37711
176,T.H.55 WB @ Boone Ave,C1541,44.98481,-93.39072
177,T.H.55 WB @ Revere Ln,C1540,44.98387,-93.41094
178,T.H.13 WB @ Co Rd 11,C1309,44.78804,-93.24756
179,T.H.13 NB @ Cliff Rd,C1308,44.79022,-93.24272
180,T.H.13 WB @ River Hills Dr,C1307,44.80212,-93.23257
181,T.H.13 EB @ Diffley Rd,C1306,44.80478,-93.22855
182,T.H.13 EB @ Silver Bell Rd,C1305,44.82054,-93.20778
183,T.H.55 WB @ Theodore Wirth Pkwy,C1546,44.9846,-93.32845
184,I-94 EB (Lake Latoka Rest Area),C30029,45.86806,-95.44997
185,T.H.13 EB @ Blackhawk Rd,C1304,44.8276,-93.19892
186,T.H.13 EB @ Yankee Doodle Rd,C1303,44.83378,-93.1911
187,T.H.55 WB @ Meadow Ln,C1545,44.98451,-93.33145
188,I-94 EB (Lake Latoka Rest Area),C30028,45.86821,-95.45041
189,I-94 EB @ Shingle Creek Pkwy,C8181,45.07038,-93.30798
190,T.H.15 @ Co Rd 120,C1511,45.58641,-94.20085
191,T.H.77 SB @ Minnesota River,C509,44.82414,-93.22748
192,T.H.77 SB @ T.H.13,C508,44.81542,-93.22202
193,T.H.77 SB @ Diffley Rd,C507,44.80525,-93.22152
194,T.H.77 SB @ Cliff Rd,C506,44.79039,-93.22231
195,T.H.77 SB @ I-35E,C505,44.77906,-93.2178
196,T.H.77 SB @ 127th St,C504,44.766,-93.21808
197,T.H.77 SB @ Co Rd 38,C503,44.75997,-93.21841
198,T.H.25 @ Co Rd 75,C1514,45.30559,-93.79384
199,@ Larpenteur Ave,C9001,44.99752,-93.08098
200,I-35 SB @ Co Rd 61,C9004,45.34635,-93.00305
201,I-394 WB E of Theodore Wirth Pkwy,C9002,44.97053,-93.31895
202,I-394 WB @ Penn Ave,C9003,44.97021,-93.30779
203,T.H.194 WB @ 2nd Ave W,C194-211,46.78886,-92.10668
204,T.H.55 EB @ Arrowhead Dr,C1529,45.0513,-93.56366
205,I-35 EB (Heath Creek Rest Area),C30044,44.44818,-93.29044
206,@ Larpenteur Ave,C9006,44.99506,-93.08716
207,T.H.62 EB @ T.H.77,C513,44.89531,-93.24761
208,T.H.77 NB @ 66th St,C512,44.88342,-93.24655
209,T.H.77 SB @ 84th St,C511,44.85498,-93.24756
210,U.S.12 (Dassel/Cokato),C995,45.08152,-94.24432
211,T.H.77 SB @ Old Shakopee Rd,C510,44.83986,-93.24493
212,I-35 SB (Forest Lake Rest Area),C30041,45.27002,-93.0093
213,I-94 EB @ St. Croix RA,C30040,44.95021,-92.82086
214,I-35 EB (Heath Creek Rest Area),C30043,44.44816,-93.28977
215,I-35 SB (Forest Lake Rest Area),C30042,45.2703,-93.00917
216,I-694 @ Snelling Ave,C7071,45.06336,-93.15724
217,T.H.61 NB @ Co Rd J,C1731,45.12352,-93.00293
218,T.H.61 NB @ Buffalo St,C1730,45.10485,-92.99957
219,I-94 EB E of Opportunity Dr,C768,45.44707,-94.12092
220,I-94 EB @ Opportunity Dr,C767,45.46422,-94.13127
221,I-94 WB E of Co Rd 75,C766,45.47627,-94.13679
222,I-94 EB W of T.H.27,C9466,45.872,-95.46114
223,T.H.65 NB @ Crosstown Blvd,C1500,45.28819,-93.23381
224,T.H.7 EB @ 12th Ave,C7049,44.93321,-93.41469
225,T.H.23 EB @ 5th Ave,C1506,45.55921,-94.1563
226,I-94 EB E of Co Rd 8 1 Mile,C778,45.36185,-93.95153
227,T.H.15 N of 3rd St,C1505,45.56211,-94.20531
228,I-94 EB @ Co Rd 8,C777,45.36756,-93.97376
229,T.H.15 NB @ 2nd St,C1504,45.54993,-94.20556
230,I-94 EB W of Co Rd 8 1 Mile,C776,45.37397,-93.99411
231,T.H.65 NB @ C.S.A.H.24,C1503,45.39907,-93.23436
232,I-94 EB W of Co Rd 8 2 Miles,C775,45.38451,-94.01028
233,T.H.65 NS @ 213th Ave,C1502,45.35636,-93.23595
234,I-94 EB E of T.H.24 2 Miles,C774,45.39288,-94.02344
235,I-94 EB E of T.H.24 1 Mile,C773,45.40031,-94.03839
236,T.H.65 NS @ Viking Blvd,C1501,45.31981,-93.23528
237,I-94 WB @ T.H.24,C772,45.41206,-94.05675
238,I-94 EB W of T.H.24 1 Mile,C771,45.42254,-94.08276
239,T.H.7 EB @ Texas Ave,C7054,44.93659,-93.38085
240,I-94 EB W of T.H.24 2 Miles,C770,45.42896,-94.0964
241,I-94 WB @ Huron St,C8381,44.96745,-93.22019
242,I-94 EB W of U.S.59,C9438,46.23167,-96.04992
243,T.H.61 SB @ Co Rd D,C1716,45.0315,-93.04588
244,T.H.61 SB @ Beam Ave,C1715,45.02824,-93.04699
245,T.H.61 NB @ Co Rd C,C1714,45.02101,-93.0508
246,I-94 EB @ Co Rd 18,C788,45.28902,-93.76273
247,I-94 EB E of T.H.25,C787,45.29158,-93.77577
248,T.H.61 NB @ Co Rd B,C1713,45.008,-93.05685
249,I-94 EB @ T.H.25,C786,45.29788,-93.80044
250,T.H.61 NB @ Roselawn Ave,C1712,44.99923,-93.06561
251,I-94 EB W of T.H.25 1 Mile,C785,45.30465,-93.81852
252,T.H.61 SB @ Frost Ave,C1711,44.99461,-93.06643
253,I-94 EB W of T.H. 25 2 Miles,C784,45.32083,-93.8434
254,I-94 WB W of T.H.25 3 Miles,C783,45.3281,-93.84873
255,I-94 EW @ Park Ave,C8351,44.96633,-93.26469
256,I-94 EB @ 11th Ave,C8352,44.96518,-93.25884
257,I-94 EB W of T.H.25 5 Miles,C782,45.33959,-93.88028
258,I-94 WB E of Co Rd 8 4 Miles,C781,45.35179,-93.90409
259,I-94 WB E of Portland Ave,C8350,44.96633,-93.26638
260,I-94 EB E of Co Rd 8 2 Miles,C780,45.35542,-93.93131
261,T.H.61 NB @ Buerkle Rd,C1719,45.04127,-93.03926
262,I-94 EB @ T.H.55,C8353,44.96553,-93.25319
263,T.H.61 NB @ Willow Lake Rd,C1720,45.04679,-93.03678
264,U.S.169 NB @ Pioneer Trail,C319,44.819,-93.39781
265,T.H.61 NB @ 7th St,C1728,45.08854,-93.00768
266,U.S.169 NB @ Old Shakopee Rd,C318,44.80776,-93.39792
267,T.H.52 SB @ Concord St,C559,44.92809,-93.07051
268,T.H.61 SB @ 4th St,C1727,45.08534,-93.00985
269,U.S.169 NB @ T.H.101,C317,44.78952,-93.40539
270,Co Rd 101 EB E of U.S.169,C316,44.78544,-93.40216
271,T.H.52 NB N of Butler Ave,C558,44.91728,-93.06342
272,T.H.61 NB @ 2nd St,C1726,45.08322,-93.01156
273,I-94 WB @ T.H.241,C799,45.21831,-93.59507
274,T.H.61 SB @ Co Rd 96,C1725,45.07913,-93.01579
275,T.H.52 NB @ Butler Ave,C557,44.91216,-93.06394
276,U.S.169 NB @ Co Rd 21,C315,44.78563,-93.41416
277,T.H.52 NB @ Thompson Ave,C556,44.90138,-93.06529
278,T.H.61 SB @ White Bear Ave,C1724,45.07352,-93.02008
279,I-94 WB W of T.H.241,C798,45.22368,-93.60563
280,U.S.169 NB S of Co Rd 21,C314,44.78321,-93.42276
281,I-94 WB E of Co Rd 37,C797,45.22984,-93.62555
282,T.H.52 SB @ Southview Blvd,C555,44.88716,-93.06603
283,T.H.61 NB @ Co Rd F,C1723,45.06463,-93.0246
284,U.S.169 NB E of Co Rd 83,C313,44.78295,-93.45002
285,T.H.61 SB @ Cedar Ave,C1722,45.0583,-93.02923
286,U.S.169 NB @ Canterbury Rd,C312,44.78191,-93.46778
287,I-94 EB @ Co Rd 37,C796,45.23784,-93.64949
288,T.H.52 NB @ I-494,C554,44.87418,-93.06034
289,T.H.52 NB @ Upper 55th St,C553,44.86536,-93.05919
290,I-94 EB @ Co Rd 19,C795,45.2406,-93.6624
291,T.H.61 NB @ Co Rd E,C1721,45.04988,-93.03581
292,I-94 WB (E Jct MnROAD),C794,45.25168,-93.68803
293,T.H.52 NB @ 70th St,C552,44.84801,-93.05893
294,I-94 WB (MnROAD),C793,45.25886,-93.70024
295,T.H.52 SB @ 80th St,C551,44.83358,-93.06035
296,T.H.52 SB @ T.H.55,C550,44.8244,-93.05883
297,I-94 WB (W Jct MnROAD),C792,45.26586,-93.71294
298,T.H.2 WB (Bong Bridge),C2-215,46.72782,-92.13402
299,I-94 EB W of T.H.79,C9450,46.00765,-95.75511
300,I-94 WB E of Co Rd 18 3 Miles,C791,45.27403,-93.7307
301,T.H.2,C2-216,46.72091,-92.11861
302,I-94 EB @ Riverside Ave,C8361,44.96389,-93.23331
303,I-94 WB E of Co Rd 18 2 Miles,C790,45.28762,-93.75415
304,T.H.61 NB @ T.H.96,C1729,45.09345,-93.006
305,I-94 WB E of T.H.79,C9454,45.99203,-95.71751
306,T.H.7 WB @ Vine Hill Road,C7035,44.9108,-93.52576
307,I-94 EW S of I-694,C-M-94-225.12,45.06569,-93.28616
308,I-35W NS @ 46th St,C6181,44.91826,-93.27522
309,U.S.169 NB @ T.H.55,C329,44.98274,-93.39974
310,U.S.169 NB @ Cedar Lake Rd,C328,44.95482,-93.40053
311,U.S.169 SB @ Minnetonka Blvd,C327,44.94546,-93.40074
312,I-94 WB E of T.H.34,C9414,46.64633,-96.3815
313,U.S.169 NB @ T.H.7,C326,44.9344,-93.39625
314,U.S.169 SB @ 7th St,C325,44.91359,-93.40163
315,U.S.169 SB @ Bren Rd,C324,44.89879,-93.40189
316,U.S.169 SB @ Valley View Rd,C323,44.8731,-93.39714
317,U.S.169 SB @ I-494 WB,C322,44.86059,-93.39581
318,U.S.169 NB @ Anderson Lakes S Bri,C321,44.84479,-93.39834
319,T.H.52 NB @ I-94 WB,C562,44.95341,-93.07956
320,U.S.169 NB @ Anderson Lakes Pkwy,C320,44.83704,-93.39801
321,T.H.52 NB @ Plato Blvd,C561,44.94017,-93.0755
322,T.H.52 NB @ Eaton St,C560,44.93323,-93.07169
323,I-94 EB W of Co Rd 11,C9422,46.50089,-96.29181
324,T.H.7 WB @ 5th Ave,C7000,44.93396,-93.4061
325,I-94 WB @ 1st Ave,C8331,44.9671,-93.27563
326,I-94 WB E of Co Rd 24,C9426,46.46969,-96.26109
327,U.S.169 NB @ 93rd Ave,C339,45.11921,-93.38774
328,U.S.169 SB @ Co Rd 81,C338,45.10575,-93.39424
329,U.S.169 SB @ 77th Ave,C337,45.0947,-93.40306
330,U.S.169 SB @ 63rd Ave,C336,45.06942,-93.40146
331,U.S.169 SB @ Bass Lake Rd,C335,45.0578,-93.4013
332,U.S.169 SB @ 49th Ave,C334,45.04403,-93.40128
333,U.S.169 SB @ Rockford Rd,C333,45.0335,-93.40123
334,U.S.169 SB @ 36th Ave,C332,45.02216,-93.40122
335,I-35W NS @ 58th St,C6161,44.89897,-93.27519
336,T.H.77 S of T.H.13,C5071,44.81246,-93.21859
337,U.S.169 SB @ Medicine Lake Rd,C331,45.00739,-93.40136
338,U.S.169 SB @ Plymouth Ave,C330,44.99254,-93.40096
339,I-694 WB @ T.H.252,C7011,45.07002,-93.28551
340,T.H.62 WB @ Bloomington Ave,C109,44.8962,-93.251
341,T.H.62 WB @ 28th Ave,C108,44.89869,-93.23135
342,U.S.169 @ Peninsula Point,C349,45.19421,-93.39443
343,T.H.62 WB @ 43rd Ave,C107,44.89888,-93.21183
344,T.H.62 @ T.H.55,C106,44.89946,-93.19926
345,T.H.62 WB @ T.H.5,C105,44.89192,-93.18489
346,U.S.169 @ Dayton Rd,C347,45.18894,-93.39694
347,T.H.62 @ T.H.55,C104,44.88345,-93.16594
348,T.H.55 WB @ Mendota Heights Rd,C103,44.86588,-93.15329
349,U.S.169 @ Hayden Lake Rd,C345,45.18047,-93.39252
350,T.H.55 EB @ Lexington Ave,C102,44.85781,-93.14393
351,U.S.169 @ 120th Ave,C344,45.17293,-93.39231
352,T.H.55 EB @ Argenta Tr,C101,44.8388,-93.10037
353,U.S.169 @ 117th Ave,C343,45.16673,-93.39201
354,T.H.5 NS @ Airport Rd,C100,44.87659,-93.19453
355,U.S.169 @ 114th Ave,C342,45.15939,-93.39197
356,U.S.169 @ 109th Ave,C341,45.15172,-93.39224
357,I-35W NS @ 86th St,C6130,44.85031,-93.29828
358,I-35W SB @ 82nd St,C6131,44.85532,-93.29854
359,T.H.52 SB @ 65th St NW,D6-C002a,44.0936,-92.5131
360,I-94 EB W of T.H.336,C9404,46.84547,-96.67031
361,T.H.62 EB @ Gleason Rd,C119,44.88925,-93.38719
362,T.H.62 EB @ Tracy Ave,C118,44.88714,-93.36915
363,T.H.62 WB @ T.H.100,C117,44.89,-93.3498
364,T.H.62 EB @ France Ave,C116,44.88673,-93.32871
365,I-35 @ 210th St,C599,44.64503,-93.29388
366,T.H.62 WB @ Xerxes Ave,C115,44.89108,-93.31904
367,T.H.62 WB @ Penn Ave,C114,44.8912,-93.30841
368,T.H.62 EB E of Penn Ave,C113,44.89003,-93.29626
369,T.H.62 WB @ Lyndale Ave,C112,44.89117,-93.29382
370,T.H.62 EB @ I-35W,C111,44.88976,-93.27552
371,I-35W NS N of 76th St,C6141,44.87677,-93.29824
372,T.H.62 EB @ Portland Ave WB,C110,44.88981,-93.26811
373,U.S.169 @ Main St,C351,45.19857,-93.39256
374,I-94 EB W of T.H.9,C9410,46.68933,-96.44871
375,I-94 EW @ Groveland Ave,C8321,44.96498,-93.28251
376,T.H.5 EB @ Great Plains Blvd,C5013,44.85851,-93.53148
377,T.H.5 WB @ T.H.101 NB,C5014,44.86193,-93.52508
378,T.H.5 WB @ Dell Rd,C5015,44.86242,-93.51189
379,T.H.5 EB @ Eden Prairie Rd,C5016,44.86161,-93.48478
380,T.H.5 EB @ Fuller Rd,C5017,44.86115,-93.47972
381,T.H.62 EB @ I-494,C123,44.89094,-93.4436
382,T.H.62 WB @ Shady Oak Rd,C121,44.89305,-93.4151
383,T.H.62 EB @ U.S.169,C120,44.8901,-93.39912
384,I-35 SB (71.90),D6-C097,44.50623,-93.28966
385,I-35 NB (70.70),D6-C098,44.4862,-93.29135
386,I-35 SB (73.20),D6-C095,44.5222,-93.29464
387,I-35 NB (72.30),D6-C096,44.51167,-93.28764
388,I-35 NB (75.30),D6-C093,44.55098,-93.29829
389,I-35 SB (74.30),D6-C094,44.53676,-93.30172
390,I-35 SB (76.80),D6-C091,44.57308,-93.29917
391,I-35 SB (76.10),D6-C092,44.56205,-93.29905
392,Robert St @ Marie Ave,C3055,44.89103,-93.0809
393,Robert St @ Lottenbach Ave,C3056,44.89441,-93.08086
394,Robert St @ Wentworth Ave,C3057,44.89793,-93.08082
395,Robert St @ Thompson Ave,C3058,44.90139,-93.08082
396,Robert St @ Emerson Ave,C3059,44.90502,-93.08091
397,T.H.212 EB @ Dell Rd SB,C389,44.84892,-93.50434
398,I-35 NB (69.60),D6-C099,44.47012,-93.29149
399,T.H.212 EB E of T.H.101,C388,44.84668,-93.52214
400,T.H.212 WB @ T.H.101,C387,44.8448,-93.53849
401,T.H.212 EB @ Powers Blvd,C386,44.83425,-93.55224
402,T.H.212 EB @ Pioneer Trail,C385,44.82798,-93.55917
403,Robert St @ Moreland Ave,C3060,44.90866,-93.08083
404,T.H.212 EB @ Audubon Rd,C384,44.82068,-93.5757
405,Robert St @ Butler Ave,C3061,44.91228,-93.08083
406,T.H.212 EB @ T.H.41,C383,44.81512,-93.60202
407,Robert St @ Bernard St,C3062,44.91589,-93.08088
408,Robert St @ Annapolis St,C3063,44.91947,-93.08092
409,T.H.5 WB @ Victoria Dr,C5005,44.85894,-93.66168
410,T.H.5 WB @ Bavaria Rd,C5006,44.86727,-93.63673
411,T.H.5 WB @ T.H.41 NB,C5007,44.86383,-93.59652
412,T.H.5 EB @ Century Blvd,C5008,44.86306,-93.59009
413,T.H.5 EB @ Galpin Blvd,C5009,44.8624,-93.58039
414,I-494 NB @ Tamarack Rd,C399,44.93674,-92.96003
415,T.H.212 @ T.H.62,C397,44.88992,-93.40712
416,T.H.212 WB @ Shady Oak Rd,C396,44.88213,-93.41315
417,T.H.212 EB @ Valley View Rd,C395,44.86657,-93.41865
418,T.H.212 EB @ I-494,C394,44.86427,-93.42995
419,T.H.212 EB @ Prairie Center Dr,C393,44.86177,-93.44287
420,T.H.5 WB @ Audubon Rd,C5010,44.86344,-93.56244
421,T.H.5 WB @ Powers Blvd,C5011,44.86226,-93.54792
422,I-35W NS S of 98th St,C6101,44.81767,-93.29171
423,T.H.212 EB @ Mitchell Rd NB,C392,44.86151,-93.45955
424,T.H.212 WB W of Wallace Rd,C391,44.86141,-93.4756
425,T.H.5 EB @ Market Blvd,C5012,44.85781,-93.53672
426,T.H.212 EB @ Eden Prairie Rd SB,C390,44.85105,-93.48491
427,C.S.A.H.109 WB @ Edinburgh Centre Dr,C1098,45.10889,-93.30538
428,C.S.A.H.109 EB @ Edinbrook Pkwy,C1097,45.10868,-93.30813
429,I-35W SB @ Broadway St,C6301,44.9962,-93.239
430,T.H.3 S of T.H.62,C3050,44.87622,-93.08078
431,T.H.3 SB N of T.H.62,C3051,44.87939,-93.08035
432,Robert St @ Mendota Rd,C3053,44.88345,-93.08083
433,Robert St @ Crusader Ave,C3054,44.88734,-93.08077
434,T.H.41 @ Lyman Blvd,C4115,44.84879,-93.59775
435,T.H.41 SB @ 82nd St,C4116,44.85637,-93.59775
436,U.S.14 EB @ 11th Ave SE,D6-C031,44.00701,-92.44844
437,T.H.55 NB @ T.H.13,C1299,44.87373,-93.16268
438,U.S.14 EB @ Broadway Ave,D6-C030,44.00722,-92.46289
439,T.H.100 SB @ Minnetonka Blvd EB,C2151,44.94834,-93.34837
440,U.S.169 SB @ Excelsior Blvd,C3251,44.9239,-93.40222
441,T.H.7 EB @ U.S.169,C1279,44.93436,-93.3946
442,T.H.52 @ U.S.14 EB,D6-C010,44.00689,-92.48157
443,T.H.7 WB @ 17th Ave,C1278,44.93301,-93.4212
444,T.H.7 EB @ Shady Oak Rd,C1277,44.92964,-93.42978
445,T.H.7 WB @ Williston Rd,C1276,44.92223,-93.46808
446,T.H.7 EB @ Woodland Rd,C1275,44.91933,-93.48248
447,T.H.7 EB @ T.H.101,C1274,44.91327,-93.50346
448,T.H.7 EB @ Old Market Rd,C1273,44.90734,-93.53388
449,T.H.169 NB S of I-494,C3211,44.85676,-93.39303
450,U.S.14 WB @ C.S.A.H.22,D6-C015,44.03647,-92.51769
451,T.H.52 @ U.S.63,D6-C013,43.97683,-92.4621
452,C.S.A.H.22 EW @ 16th St SW,D6-C014,44.00249,-92.48892
453,T.H.52 @ Mayowood Rd,D6-C011,43.9942,-92.48531
454,T.H.52,D6-C012,43.98241,-92.47592
455,T.H.7 EB @ Louisiana Ave,C1281,44.9376,-93.3682
456,T.H.52 @ 19th St NW,D6-C006,44.04354,-92.48727
457,T.H.52 @ Civic Center Dr,D6-C007,44.03079,-92.4881
458,T.H.52 @ 41st St NW,D6-C004,44.06523,-92.49932
459,T.H.52 @ 37th St NW,D6-C005,44.06145,-92.49902
460,T.H.52 @ 75th St NW,D6-C002,44.10795,-92.51411
461,T.H.52 SB @ 55th St NW,D6-C003,44.08007,-92.50918
462,T.H.52 @ 2nd St SW,D6-C008,44.02163,-92.48856
463,T.H.52 @ 6th St SW,D6-C009,44.01693,-92.48818
464,T.H.100 NB @ 36th St EB,C2141,44.93767,-93.34879
465,T.H.65 NB @ Constance Blvd,C1499,45.26646,-93.23409
466,T.H.65 NS @ 147th Ave,C1498,45.2372,-93.23423
467,T.H.65 NB @ Bunker Lake Blvd,C1497,45.21917,-93.23383
468,T.H.65 SB @ 117th Ave,C1495,45.1832,-93.23422
469,T.H.65 SB @ 109th Ave,C1494,45.16764,-93.23599
470,T.H.65 NB @ 105th Ave,C1493,45.16104,-93.23452
471,Snelling Ave SB @ Energy Park Dr,C1263,44.97299,-93.16722
472,T.H.7 EB @ Christmas Lake Rd,C1272,44.90197,-93.55091
473,T.H.7 EB @ Oak St,C1271,44.89778,-93.56762
474,T.H.7 EB @ T.H.41,C1270,44.89184,-93.57957
475,T.H.65 NB @ 47th Ave,C1478,45.05348,-93.24724
476,T.H.65 NB @ 45th Ave,C1477,45.04986,-93.24717
477,T.H.65 SB @ 44th Ave,C1476,45.04818,-93.24874
478,T.H.65 SB @ 41st Ave,C1475,45.04265,-93.24755
479,T.H.65 NB @ 40th Ave,C1474,45.04081,-93.24704
480,T.H.47 NB @ 53rd Ave,C1472,45.0646,-93.263
481,T.H.120 SB @ 7th Ave,C1230,45.0165,-92.9849
482,T.H.47 SB @ 44th Ave,C1471,45.04808,-93.26338
483,T.H.65 SB @ 49th Ave,C1479,45.05727,-93.2479
484,T.H.52 NB @ C.S.A.H.12 No Jct EB,D6-C6027,44.18432,-92.57618
485,T.H.52 SB S of C.S.A.H.12E,D6-C6026,44.17477,-92.56499
486,T.H.52 NB @ 5th St,D6-C6025,44.16942,-92.54744
487,T.H.52 NB @ C.S.A.H.12 So Jct,D6-C6024,44.14463,-92.52698
488,T.H.65 SB @ 52nd Ave,C1481,45.0625,-93.24793
489,T.H.65 SB @ 50th Ave,C1480,45.0591,-93.24788
490,T.H.65 SB @ 81st Ave NE,C1488,45.1153,-93.24264
491,T.H.65 NB @ Osborne Rd,C1487,45.1083,-93.24234
492,T.H.65 SB @ 73rd Ave,C1486,45.10103,-93.24495
493,T.H.65 NB @ Mississippi St,C1485,45.08661,-93.24191
494,T.H.65 SB @ Medtronic Pkwy,C1483,45.07188,-93.2486
495,T.H.65 SB @ 53rd Ave,C1482,45.06461,-93.24731
496,T.H.65 SB @ 99th Ave,C1492,45.14963,-93.23642
497,T.H.65 NS @ 93rd Ln,C1491,45.14034,-93.23384
498,T.H.65 NB @ 85th Ave NE,C1490,45.12489,-93.23359
499,I-94 EB @ Elm Creek,C809,45.11092,-93.47157
500,T.H.36 WB @ Co Rd 35,C3636,45.04587,-92.78212
501,T.H.36 EB @ Co Rd 35,C3637,45.04556,-92.77869
502,I-94 WB @ 95th Ave,C808,45.12482,-93.48297
503,I-94 EB @ T.H.610,C807,45.13764,-93.49771
504,I-94 WB W of 101st Ave,C806,45.14986,-93.50096
505,I-94 EB @ Brockton Ln,C805,45.15983,-93.51747
506,I-94 WB W Jct Co Rd 81,C804,45.17432,-93.52655
507,I-94 EB E of T.H.101,C803,45.18434,-93.53843
508,I-94 WB @ T.H.101,C802,45.19517,-93.55208
509,I-94 EB W of T.H.101,C801,45.20371,-93.57315
510,I-94 WB E of T.H.241,C800,45.21115,-93.58274
511,T.H.36 WB @ T.H.95,C3630,45.03835,-92.79044
512,I-35 SB @ T.H.2,C35-084,46.73186,-92.20266
513,T.H.55 W of T.H.100,C1218,44.98488,-93.35414
514,I-394 EB @ Linden Ave EB,C9181,44.97538,-93.28116
515,I-94 EB @ Humboldt Ave,C819,45.06744,-93.29883
516,I-94 WB @ Xerxes Ave,C818,45.07454,-93.3186
517,I-94 WB @ Brooklyn Blvd,C817,45.07612,-93.33228
518,I-94 EB @ Zane Ave,C816,45.07587,-93.35578
519,I-94 EB @ Co Rd 81,C815,45.07779,-93.3727
520,I-94 EB @ Boone Ave,C814,45.07953,-93.39232
521,I-94 EB @ U.S.169,C813,45.08265,-93.40193
522,I-94 WB @ Hemlock Ln,C812,45.09001,-93.43205
523,I-94 EB @ I-494 SB,C811,45.0913,-93.44658
524,I-94 WB @ Weaver Lake Rd,C810,45.10475,-93.45925
525,I-35 @ Cody St,C35-094,46.73654,-92.18929
526,I-35E NB @ Kellogg Blvd,C3401,44.94612,-93.10477
527,I-35 NB @ 63rd Ave W,C35-098,46.73705,-92.17757
528,T.H.47 SB @ 40th Ave,C1470,45.04084,-93.26322
529,T.H.36 WB @ T.H.120,C3613,45.02019,-92.98464
530,T.H.252 NB @ 73rd Ave,C2523,45.08734,-93.28761
531,T.H.149 NB @ Wescott Rd,C4944,44.81997,-93.10556
532,T.H.61 NB S of 70th St,C1676,44.84468,-92.97957
533,T.H.61 SB @ 80th St,C1675,44.83249,-92.96597
534,T.H.149 NB @ Opperman Dr,C4945,44.82815,-93.11241
535,T.H.252 SB @ 70th Ave,C2522,45.08216,-93.28769
536,T.H.36 WB @ Hadley Ave N,C3614,45.02776,-92.97187
537,T.H.252 SB @ 66th Ave,C2521,45.07439,-93.28678
538,T.H.47 @ 49th Ave,C4704,45.05711,-93.26343
539,T.H.36 WB @ Hilton Tr,C3615,45.03683,-92.95056
540,T.H.149 SB @ Yankee Doodle Rd,C4946,44.83327,-93.11665
541,T.H.61 NB S of 80th St,C1674,44.82442,-92.94948
542,T.H.61 NB @ Jamaica Avenue,C1673,44.81583,-92.93444
543,T.H.36 WB E of Demontreville Tr,C3616,45.03627,-92.92711
544,I-94 WB @ Tunnel West #1,C829,44.96555,-93.28782
545,T.H.61 NB @ Innovation Rd,C1672,44.80544,-92.91274
546,T.H.36 WB W of Keats Ave,C3617,45.0361,-92.91326
547,T.H.47 S of I-694 EB,C4706,45.06782,-93.26357
548,I-94 EB @ Tunnel East #3,C828,44.9655,-93.28815
549,T.H.47 N of I-694,C4707,45.06969,-93.26368
550,I-94 EB @ Tunnel East #2,C827,44.96769,-93.28821
551,T.H.149 SB S Jct T.H.55,C4949,44.84582,-93.12458
552,I-94 EB @ Tunnel East #1,C826,44.96913,-93.28796
553,T.H.47 @ 57th Ave,C4708,45.07158,-93.2637
554,T.H.61 NB S of Innovation Rd,C1670,44.79935,-92.90064
555,T.H.36 WB E of Keats Ave,C3619,45.0364,-92.894
556,T.H.47 @ 61st Ave,C4709,45.07883,-93.26374
557,I-94 SB @ 7th St,C825,44.98838,-93.28916
558,I-94 NB @ Broadway Ave,C824,44.99866,-93.28205
559,I-94 WB @ Lowry Ave,C823,45.01297,-93.28201
560,I-94 EB @ 42nd Ave,C822,45.03141,-93.28782
561,I-94 EB @ 49th Ave,C821,45.04402,-93.28543
562,T.H.252 SB @ 85th Ave,C2527,45.10885,-93.30103
563,I-94 EB @ 57th Ave,C820,45.05819,-93.2879
564,I-494 SB @ T.H.55,C1438,45.01087,-93.45788
565,T.H.36 WB @ McKnight Rd,C3610,45.01253,-93.00551
566,T.H.252 SB @ Humboldt Ave,C2526,45.10069,-93.29999
567,T.H.36 EB E of McKnight Rd,C3611,45.01198,-93.00239
568,T.H.61 NB @ Glen Rd,C1678,44.87154,-92.99974
569,T.H.47 @ 37th Ave,C4701,45.03546,-93.26304
570,T.H.252 NB @ Brookdale Dr,C2524,45.09449,-93.28998
571,T.H.36 WB @ Margaret St,C3612,45.01627,-92.99192
572,T.H.61 NB S of Glen Rd,C1677,44.86388,-92.9976
573,T.H.47 @ Osborne Rd,C4713,45.10728,-93.26402
574,T.H.120 SB @ Innovation Blvd,C1203,44.95234,-92.98535
575,T.H.5 SB @ T.H.36,C3624,45.03523,-92.84815
576,T.H.120 NB N of I-94 WB,C1202,44.94921,-92.98581
577,T.H.36 EB @ Norell Ave,C3625,45.03581,-92.83318
578,T.H.47 @ 81st Ave NE,C4714,45.11512,-93.26396
579,T.H.61 SB @ Warner Rd,C1686,44.94683,-93.04071
580,T.H.36 WB @ Oakgreen Ave,C3626,45.03627,-92.82234
581,T.H.120 SB S of I-94 EB,C1201,44.94758,-92.98583
582,T.H.47 @ 85th Ave,C4715,45.12514,-93.26484
583,T.H.61 NB S of Warner Rd,C1685,44.9393,-93.03221
584,T.H.36 EB @ Osgood Ave,C3627,45.03537,-92.80705
585,T.H.61 NB @ Lower Afton Rd,C1684,44.92863,-93.02253
586,T.H.47 @ University Ave,C4716,45.12854,-93.26709
587,T.H.61 NB @ Highwood Ave,C1683,44.91626,-93.01492
588,I-94 EB @ Franklin Ave,C839,44.9645,-93.21613
589,T.H.61 NB @ Carver Ave,C1682,44.90171,-93.00997
590,T.H.36 EB @ T.H.95,C3629,45.03517,-92.79079
591,I-94 WB @ Huron St,C838,44.96791,-93.22152
592,T.H.61 NB @ Bailey Rd,C1681,44.89141,-93.00633
593,I-94 EB @ Riverside Ave,C837,44.96412,-93.23007
594,I-94 EB @ Cedar Ave,C836,44.96436,-93.24408
595,I-94 WB @ T.H.65,C834,44.96682,-93.27019
596,I-94 WB @ Nicollet Ave,C833,44.96653,-93.27754
597,I-94 EB @ Hennepin & Lyndale,C832,44.96426,-93.2853
598,T.H.149 SB N Jct T.H.55,C4950,44.85141,-93.13029
599,I-94 WB @ Tunnel West #3,C831,44.96912,-93.28767
600,T.H.36 EB @ Lake Elmo Ave,C3620,45.03519,-92.88302
601,T.H.149 SB @ Lone Oak Pkwy,C4951,44.85513,-93.1299
602,T.H.36 WB W of Manning Ave,C3621,45.03634,-92.87097
603,I-94 WB @ Tunnel West #2,C830,44.96769,-93.2879
604,T.H.47 @ Mississippi St,C4710,45.08601,-93.26378
605,T.H.149 @ Vikings Pkwy,C4952,44.85768,-93.12814
606,T.H.47 @ 69th Ave,C4711,45.0936,-93.26374
607,T.H.36 WB @ Manning Ave,C3622,45.03628,-92.86324
608,T.H.149 NB N of I-494,C4954,44.86468,-93.12947
609,T.H.36 WB @ Stillwater Blvd,C3623,45.03644,-92.84826
610,T.H.47 @ 73rd Ave,C4712,45.10072,-93.26396
611,U.S.169 SB @ Main St,C1652,45.30351,-93.55502
612,T.H.10 WB @ Jackson St,C1651,45.30423,-93.56716
613,I-35W NB @ Cliff Rd,C609,44.7843,-93.28779
614,I-35W SB @ T.H.13,C608,44.77485,-93.28893
615,T.H.10 WB @ Main St,C1650,45.29974,-93.56029
616,I-35W SB @ Burnsville Pkwy,C607,44.7599,-93.28942
617,I-94 EB @ John Ireland Blvd,C849,44.94981,-93.1031
618,I-94 EB @ Western Ave,C848,44.95079,-93.11649
619,I-35W NB @ Co Rd 42,C606,44.7457,-93.28238
620,I-35 SB @ Crystal Lake Rd,C605,44.73057,-93.28358
621,I-94 EB @ Lexington Ave,C846,44.95138,-93.14543
622,I-35 NB @ Co Rd 46,C604,44.71446,-93.2829
623,I-94 EB @ Hamline Ave,C845,44.95141,-93.1565
624,I-35 NB @ Co Rd 50,C603,44.69779,-93.28796
625,I-94 EB @ Snelling Ave,C844,44.95135,-93.16853
626,I-35 NB @ Co Rd 60,C602,44.68166,-93.29312
627,I-35 NB @ 195th St,C601,44.66698,-93.29423
628,I-94 EB @ Prior Ave,C843,44.95232,-93.18235
629,I-35 NB @ 205th St,C600,44.65545,-93.29457
630,I-94 EB @ Cretin Ave,C842,44.95546,-93.192
631,I-94 EB @ T.H.280,C841,44.96012,-93.20208
632,I-94 EB W of T.H.280,C840,44.95966,-93.20875
633,T.H.61 NB (Silver Cliff Tunnel),C61-052,47.06784,-91.59425
634,T.H.61 NB (Silver Cliff Tunnel),C61-053,47.06694,-91.59556
635,T.H.61 NB (Silver Cliff Tunnel),C61-051,47.0688,-91.59293
636,T.H.61 SB @ T.H.10,C1665,44.76656,-92.85953
637,T.H.61 NB S of T.H.10,C1664,44.76279,-92.85423
638,T.H.61 NB N of Mississippi River,C1663,44.75462,-92.85272
639,T.H.61 NB @ Mississippi River,C1662,44.74686,-92.85249
640,T.H.61 NB @ 2nd St,C1661,44.74453,-92.85243
641,I-35W NS @ 46th St,C619,44.91899,-93.2748
642,T.H.61 @ 4th St,C1660,44.74245,-92.85226
643,I-35W SB @ 50th St,C618,44.91254,-93.27577
644,I-35W SB @ Diamond Lake Rd,C617,44.90343,-93.27635
645,T.H.36 EB @ English St,C3608,45.01134,-93.04441
646,I-94 WB @ McKnight Rd,C859,44.9504,-93.0044
647,I-94 EB @ White Bear Ave,C858,44.95102,-93.02546
648,I-35W NB E Jct T.H.62,C616,44.89134,-93.27431
649,T.H.36 WB @ White Bear Ave,C3609,45.01211,-93.02197
650,I-35W NB @ 66th St,C615,44.88259,-93.29568
651,I-94 WB @ T.H.61,C857,44.95291,-93.03959
652,I-94 EB @ Johnson Pkwy,C856,44.95183,-93.04943
653,I-35W SB @ 76th St,C614,44.86561,-93.29931
654,I-35W NB S of 86th St,C613,44.84792,-93.29858
655,I-94 EB @ Mounds Blvd,C855,44.95199,-93.06985
656,I-35W SB @ 94th St,C612,44.83335,-93.2958
657,I-94 EB @ T.H.52 SB,C854,44.95232,-93.08259
658,T.H.61 NB N of Kingsborough Tr,C1669,44.79467,-92.89002
659,I-35W SB @ 98th St,C611,44.826,-93.292
660,I-94 EB @ 7th St,C853,44.9518,-93.08661
661,T.H.61 NB @ Kingsborough Tr,C1668,44.78856,-92.88121
662,I-94 WB @ I-35E NB,C852,44.95459,-93.09246
663,I-35W SB @ 110th St,C610,44.80689,-93.29196
664,T.H.61 NB N of T.H.95,C1667,44.78394,-92.874
665,I-94 EB @ Jackson St,C851,44.95378,-93.09283
666,T.H.61 NB @ T.H.95,C1666,44.7781,-92.864
667,I-94 EB @ Wabasha St,C850,44.95044,-93.10031
668,I-35W SB @ 4th St,C629,44.98399,-93.24255
669,I-35W NB @ Washington Ave,C628,44.97584,-93.24624
670,I-94 WB @ T.H.95,C869,44.96227,-92.77282
671,I-35W SB @ 3rd St,C627,44.97172,-93.25219
672,I-94 WB @ Co Rd 21,C868,44.95509,-92.79703
673,I-35W NB @ Hiawatha Ave,C626,44.96668,-93.25334
674,I-94 WB @ St. Croix RA,C867,44.94977,-92.82075
675,I-35W SB @ Chicago Ave,C625,44.96621,-93.26134
676,I-35W NB @ 26th St,C624,44.95557,-93.26979
677,I-94 WB @ Co Rd 71,C866,44.94896,-92.84308
678,I-94 WB @ Manning Ave,C865,44.94896,-92.86227
679,I-35W SB @ Lake St,C623,44.94925,-93.27508
680,I-35W SB @ 35th St,C622,44.93971,-93.27524
681,I-94 WB @ Co Rd 17B,C864,44.94908,-92.88365
682,I-35W NB @ 42nd St,C621,44.92702,-93.27513
683,I-94 WB @ Co Rd 19,C863,44.949,-92.903
684,I-94 EB @ Co Rd 13,C862,44.94813,-92.93473
685,I-35W NB @ 46th St,C620,44.92021,-93.27346
686,I-94 WB @ I-494 E Jct,C861,44.94913,-92.95856
687,I-94 EB @ T.H.120,C860,44.94823,-92.98533
688,T.H.10 WB @ T.H.24,C1642,45.44739,-93.9966
689,I-35W NB @ Co Rd 10,C639,45.09136,-93.18752
690,I-35W NB @ Co Rd 96,C638,45.07897,-93.18468
691,I-35W NB @ Co Rd E2,C637,45.05746,-93.18694
692,I-35W NB @ T.H.88,C636,45.04095,-93.18913
693,I-35W SB @ Co Rd C,C635,45.02108,-93.1898
694,I-35W SB @ T.H.280,C634,45.01062,-93.20193
695,I-35W SB @ Industrial Blvd,C633,45.00312,-93.21541
696,I-35W SB @ Stinson Blvd,C632,45.00122,-93.22119
697,T.H.10 EB @ T.H.25,C1646,45.33262,-93.74526
698,T.H.10 WB @ Co Rd 11,C1645,45.35653,-93.81989
699,I-35W SB @ Johnson St,C631,45.00259,-93.23455
700,I-35W NB @ Hennepin Ave,C630,44.9912,-93.23597
701,I-94 WB @ Carmichael Rd,C871,44.96394,-92.721
702,I-94 EB @ Hegen St,C870,44.9624,-92.74352
703,I-494 WB @ T.H.62,C409,44.87563,-93.07696
704,I-494 EB @ Blaine Ave,C408,44.8743,-93.05244
705,I-35W NB N of Co Rd 14,C649,45.19948,-93.05253
706,I-494 EB W of Concord St,C407,44.87434,-93.03552
707,I-35W NB @ Co Rd 14,C648,45.19258,-93.07255
708,I-494 WB @ Hardman Ave,C406,44.88236,-93.02173
709,I-35W SB @ Co Rd 23,C647,45.18076,-93.11226
710,I-494 WB @ Maxwell Ave,C405,44.88447,-93.00899
711,I-494 WB @ T.H.61,C404,44.88624,-93.00393
712,I-35W NB S of Co Rd 23,C646,45.17254,-93.12428
713,I-494 WB @ Bailey Rd,C403,44.8886,-93.0023
714,I-35W NB @ Sunset Rd,C645,45.16791,-93.14278
715,I-35W SB @ Lexington Ave,C644,45.15957,-93.16362
716,I-494 WB @ Carver Ave,C402,44.90208,-92.99535
717,I-35W SB @ 95th Ave,C643,45.14261,-93.18634
718,I-494 WB @ Lake Rd,C401,44.9165,-92.98163
719,I-494 EB @ Valley Creek Rd,C400,44.92476,-92.96734
720,I-35W SB @ Lake Dr,C642,45.12767,-93.18899
721,I-35W SB @ T.H.10,C641,45.11553,-93.18887
722,I-35W SB @ Co Rd I,C640,45.10822,-93.18892
723,I-94 WB @ Plymouth Ave,C8251,44.99155,-93.28524
724,I-494 EB @ Portland Ave,C419,44.86195,-93.26777
725,I-494 EB @ 12th Ave,C418,44.86197,-93.25819
726,I-35W NB @ University Ave,C1629,44.98196,-93.24333
727,T.H.10 WB @ Thurston Ave,C659,45.2133,-93.41315
728,I-494 WB @ T.H.77,C417,44.86254,-93.24786
729,T.H.10 EB @ Sunfish Lk Blvd,C658,45.21957,-93.42897
730,I-494 WB E of 24th Ave,C416,44.86237,-93.23022
731,I-35W NB @ Washington Ave,C1628,44.9737,-93.24894
732,T.H.10 EB @ C.S.A.H.56,C657,45.22622,-93.45014
733,I-494 EB @ T.H.5,C415,44.86225,-93.21081
734,T.H.10 WB @ Armstrong Blvd,C656,45.23485,-93.47094
735,I-494 EB @ Pilot Knob Rd,C414,44.86078,-93.1669
736,I-494 EB @ I-35E NB,C413,44.86082,-93.14433
737,I-494 EB @ Dodd Rd,C412,44.86216,-93.12922
738,T.H.10 EB @ 171st Ave,C654,45.28126,-93.54978
739,T.H.10 WB @ T.H.101,C653,45.29152,-93.55471
740,I-494 EB @ Delaware Ave,C411,44.86041,-93.1057
741,I-494 EB @ Pieper Rd,C410,44.86177,-93.09216
742,I-35W NB S of I-35E,C650,45.21444,-93.03423
743,I-535 SB @ Blatnik Approach,C535-160,46.73147,-92.09526
744,I-94 WB S of T.H.55,C8261,44.98056,-93.28663
745,I-535 EB @ Blatnik Approach,C535-168,46.73446,-92.09707
746,I-494 SB @ Valley View Rd,C429,44.86856,-93.43304
747,I-494 EB @ Flying Cloud Dr,C428,44.86197,-93.4251
748,T.H.610 EB @ T.H.47,C669,45.14244,-93.27076
749,I-494 EB @ U.S.169,C427,44.85894,-93.39498
750,T.H.10 EB @ Foley Blvd,C668,45.1518,-93.27499
751,I-494 WB @ W Bush Lake Rd,C426,44.86054,-93.38293
752,T.H.10 WB W of Egret Blvd,C667,45.16966,-93.29364
753,I-494 EB @ T.H.100,C424,44.85851,-93.34948
754,T.H.10 EB @ Hanson Blvd,C666,45.18176,-93.31586
755,T.H.10 EB W of Hanson Blvd,C665,45.18694,-93.32783
756,I-494 EB @ France Ave,C423,44.85864,-93.32846
757,I-494 WB @ Penn Ave,C422,44.8623,-93.30883
758,T.H.10 EB @ Co Rd 14,C664,45.19735,-93.34102
759,T.H.10 EB @ Round Lake Blvd,C663,45.20387,-93.35756
760,I-494 EB @ I-35W SB,C421,44.8616,-93.29993
761,I-494 WB @ Lyndale Ave,C420,44.86239,-93.28847
762,T.H.10 WB E of 7th Ave,C662,45.20454,-93.373
763,T.H.10 EB @ U.S.169,C661,45.20475,-93.38972
764,T.H.2 WB (Bong Bridge),C2-105,46.73433,-92.14888
765,T.H.10 EB @ Greenhaven Rd,C660,45.20553,-93.4003
766,I-94 WB @ Dale St,C8471,44.9522,-93.12556
767,I-494 NB @ Rockford Rd,C439,45.02839,-93.45169
768,I-494 SB @ T.H.55,C438,45.01299,-93.45716
769,I-494 NB @ Co Rd 6,C437,44.99656,-93.45769
770,I-494 SB @ Carlson Pkwy,C436,44.98331,-93.4604
771,I-494 SB @ Stone Rd,C435,44.94956,-93.45899
772,I-494 SB S of Minnetonka Blvd,C434,44.93661,-93.45687
773,I-494 NB @ T.H.7,C433,44.9253,-93.45091
774,T.H.10 NB @ Co Rd 96,C675,45.0789,-93.17469
775,I-494 SB @ Excelsior Blvd,C432,44.91436,-93.45013
776,I-494 SB @ Baker Rd,C431,44.90545,-93.44864
777,T.H.10 EB E of Co Rd J,C673,45.1181,-93.20392
778,T.H.10 WB @ Airport Rd,C672,45.12824,-93.21786
779,I-494 SB N of Valley View Rd,C430,44.87656,-93.43663
780,T.H.10 EB @ T.H.65,C671,45.13352,-93.23468
781,I-94 WB @ John Ireland Blvd,C8481,44.95118,-93.10777
782,T.H.10 EB @ University Ave,C670,45.14282,-93.26562
783,T.H.100 NB @ 77th St,C209,44.86431,-93.34945
784,T.H.101 NB @ Co Rd 38,C205,45.25263,-93.55463
785,T.H.610 WB @ U.S.169,C688,45.13014,-93.39167
786,T.H.610 EB @ Revere Ln,C687,45.1298,-93.41243
787,T.H.101 NB @ Co Rd 36,C203,45.22928,-93.55179
788,T.H.610 EB @ Hemlock Ln,C686,45.12968,-93.43272
789,T.H.101 @ James Rd,C202,45.21038,-93.5515
790,I-494 SB @ Fish Lake Rd,C444,45.08068,-93.44711
791,I-494 NB @ Bass Lake Rd,C443,45.06598,-93.447
792,T.H.101 @ C.S.A.H.144,C201,45.21038,-93.55364
793,T.H.610 WB @ Elm Creek Blvd,C685,45.13195,-93.44169
794,I-494 SB S of Bass Lake Rd,C442,45.05817,-93.45191
795,T.H.101 @ Diamond Lake Rd,C200,45.19944,-93.55279
796,T.H.610 WB E of Fernbrook Ln,C684,45.13849,-93.46022
797,I-494 NB N of 49th Ave,C441,45.04914,-93.45135
798,T.H.610 WB @ Maple Grove Pkwy,C683,45.13834,-93.47193
799,I-494 SB @ 49th Ave,C440,45.04195,-93.45314
800,T.H.610 WB E of I-94,C682,45.13864,-93.48913
801,T.H.100 SB @ Duluth St,C219,44.99893,-93.34962
802,T.H.100 SB @ T.H.55,C218,44.98549,-93.34951
803,T.H.100 SB @ Glenwood Ave,C217,44.9776,-93.34541
804,T.H.100 NB @ 25.5 St W,C216,44.95679,-93.34668
805,T.H.100 NB @ T.H.7 EB,C215,44.94353,-93.34729
806,T.H.100 SB @ Excelsior Blvd,C214,44.92888,-93.3503
807,T.H.100 SB @ 50th St,C213,44.91238,-93.35126
808,T.H.100 SB @ Benton Ave,C212,44.89648,-93.35044
809,I-94 EB @ Dowling Ave,C8220,45.02407,-93.28507
810,T.H.100 SB @ 66th St,C210,44.88261,-93.3507
811,T.H.610 EB @ T.H.252,C693,45.12232,-93.30595
812,I-94 WB @ Dowling Ave,C8221,45.02407,-93.28402
813,T.H.51 NB @ Co Rd C,C5156,45.02113,-93.1666
814,T.H.51 NB @ Co Rd C2,C5157,45.02801,-93.16676
815,T.H.51 SB @ Lydia Ave,C5158,45.0316,-93.16716
816,T.H.100 NB @ 57th Ave,C226,45.05855,-93.30609
817,T.H.100 SB N of France Ave,C225,45.04868,-93.32456
818,T.H.100 NB @ France Ave,C224,45.04229,-93.32987
819,T.H.100 SB @ Co Rd 81,C223,45.03664,-93.34345
820,T.H.100 SB @ 42nd Ave,C222,45.03162,-93.34755
821,T.H.100 NB @ 36th Ave,C221,45.02187,-93.3477
822,I-494 EB @ 7th Ave,C4071,44.87364,-93.04243
823,T.H.100 NB N of Duluth St,C220,45.0072,-93.34896
824,I-94 EW W of Snelling Ave,C8431,44.95221,-93.17386
825,I-535 NB @ Blatnik Bridge,C535-159,46.74923,-92.10083
826,I-35E NB @ Pilot Knob Rd,C1800,44.82945,-93.1666
827,I-35W SB @ 7th St,C6261,44.96949,-93.25418
828,I-535 NB @ Garfield Ave,C535-145,46.75577,-92.10536
829,I-535 SB @ Garfield Ave,C535-146,46.75554,-92.10591
830,T.H.36 WB @ T.H.61,C009,45.01228,-93.05556
831,T.H.36 EB @ Arcade St,C008,45.01027,-93.06578
832,T.H.36 EB @ Edgerton St,C007,45.00915,-93.07653
833,T.H.36 WB @ I-35E,C006,45.01103,-93.0894
834,T.H.36 EB @ Rice St,C005,45.00715,-93.10612
835,T.H.36 WB @ Dale St,C004,45.00983,-93.12718
836,T.H.36 EB @ Lexington Ave,C003,45.01061,-93.14751
837,T.H.10 WB @ 14th St,C10-02,46.87517,-96.75763
838,T.H.36 WB @ Snelling Ave,C002,45.01059,-93.16703
839,Main St SB @ 8th St,C10-01,46.87347,-96.76823
840,T.H.36 WB @ Cleveland Ave,C001,45.01038,-93.186
841,T.H.10 WB @ 34th St,C10-04,46.87674,-96.72578
842,T.H.10 WB @ 1st Ave,C10-03,46.87594,-96.74678
843,I-35W NS @ 28th St,C6231,44.95123,-93.27218
844,T.H.95 NB @ C.S.A.H.21,C9503,45.02972,-92.78578
845,T.H.95 NB S of T.H.36,C9504,45.03477,-92.79044
846,I-35E SB @ Yankee Doodle Rd,C019,44.83388,-93.16457
847,I-35E NB S of Pilot Knob Rd,C018,44.8228,-93.17208
848,I-35E SB @ Deerwood Dr,C017,44.81152,-93.18444
849,T.H.95 SB @ Chestnut St,C9507,45.05561,-92.80595
850,I-35E SB @ Diffley Rd,C016,44.80467,-93.19104
851,T.H.95 SB @ Myrtle St,C9508,45.05647,-92.80628
852,T.H.95 NB N of T.H.36,C9505,45.03731,-92.79237
853,I-35E SB @ Cliff Rd,C015,44.78989,-93.20256
854,I-35E NB @ T.H.77,C014,44.77717,-93.21766
855,T.H.95 @ Nelson St,C9506,45.05442,-92.80498
856,I-35E SB S of T.H.77,C013,44.76669,-93.23636
857,I-35E SB @ Co Rd 11,C012,44.75928,-93.24849
858,T.H.51 SB @ Midway Pkwy,C5150,44.98127,-93.16747
859,I-35E SB @ McAndrews Rd,C011,44.75358,-93.2623
860,T.H.51 NB @ Hoyt Ave,C5151,44.98835,-93.16653
861,I-35E SB @ Co Rd 42,C010,44.744,-93.27688
862,T.H.95 WB @ T.H.65,C9510,45.57325,-93.2086
863,T.H.51 NB @ Larpenteur Ave,C5152,44.99201,-93.16609
864,T.H.51 NB @ Roselawn Ave,C5153,44.9991,-93.16617
865,T.H.51 SB S of Co Rd B,C5154,45.00306,-93.16704
866,T.H.51 SB @ Co Rd B,C5155,45.00635,-93.16694
867,I-35E SB @ Randolph Ave,C029,44.92663,-93.14541
868,I-35E SB @ W. 7th St,C028,44.91502,-93.14475
869,I-35E SB @ Shepard Rd,C027,44.91097,-93.14415
870,I-35E SB @ T.H.13,C026,44.90085,-93.1362
871,I-35E SB S of T.H.13,C025,44.89316,-93.13133
872,I-35E SB N of T.H.62,C024,44.88874,-93.13226
873,I-35E SB @ T.H.62,C023,44.88356,-93.1394
874,I-35E SB @ Wagon Wheel Tr,C022,44.8748,-93.14385
875,I-35E SB @ I-494 WB,C021,44.86307,-93.14606
876,I-494 WB @ Washington Ave,C4271,44.85969,-93.39893
877,I-35E SB @ Lone Oak Rd,C020,44.84812,-93.15402
878,I-35W NS @ 38th St,C6211,44.93554,-93.27477
879,I-35E SB @ Roselawn Ave,C039,45.005,-93.08988
880,I-35E NB @ Larpenteur Ave,C038,44.99195,-93.08875
881,I-35E NB @ Maryland Ave,C037,44.97737,-93.08793
882,I-35E NB @ Cayuga St,C036,44.9662,-93.09093
883,I-35E NB @ University Ave,C035,44.95594,-93.09064
884,I-35E SB @ Kellogg Blvd,C034,44.94693,-93.10469
885,I-35E SB @ Grand Ave,C033,44.93953,-93.11757
886,I-35E SB @ St. Clair Ave,C032,44.93466,-93.12647
887,I-35E SB @ Victoria St,C031,44.93168,-93.13604
888,I-35E SB @ Jefferson Ave,C030,44.9296,-93.14335
889,I-35W NB @ 33rd St,C6221,44.94363,-93.2733
890,I-35E NB @ Tart Lake Rd,C049,45.1457,-93.03188
891,I-35E NB @ 64th St,C048,45.13756,-93.03847
892,I-35E NS N of Co Rd J,C047,45.13186,-93.0442
893,I-35E SB @ Co Rd J,C046,45.12408,-93.0502
894,I-35E NB N of Co Rd H2,C045,45.11083,-93.04906
895,I-35E SB N of Co Rd 96,C044,45.09381,-93.05254
896,I-35E NB @ Co Rd 96,C043,45.07913,-93.05235
897,I-35E SB S of Co Rd 96,C042,45.07016,-93.05423
898,T.H.280 NB @ T.H.36,C284,45.00765,-93.20421
899,T.H.280 SB @ Broadway St,C283,44.99959,-93.20632
900,I-35E SB @ Co Rd E,C041,45.0501,-93.0596
901,T.H.280 SB @ Hennepin Ave,C282,44.99195,-93.20563
902,I-35E NB @ Little Canada Rd,C040,45.02328,-93.08923
903,T.H.280 SB @ Energy Park Dr,C281,44.97934,-93.20339
904,T.H.280 SB @ University Ave,C280,44.96565,-93.20249
905,I-35 NB @ Co Rd 2,C059,45.2786,-93.00255
906,I-35 NB N of T.H.97,C058,45.26025,-93.01373
907,I-35 SB @ T.H.97,C057,45.25019,-93.02552
908,I-35 SB N of I-35W,C056,45.23,-93.02954
909,I-35E SB @ I-35W,C055,45.21892,-93.02844
910,I-35E NB S of I-35W,C054,45.2109,-93.02874
911,I-35E NB @ 80th St,C053,45.19611,-93.02954
912,I-35E NB N of Main St,C051,45.17379,-93.02941
913,T.H.77 SB S of Killebrew Dr,C5111,44.85074,-93.24801
914,I-35E NB @ Main St,C050,45.16403,-93.03176
915,I-35 SB @ Co Rd 22,C063,45.33621,-93.00511
916,I-35 NB S of Co Rd 22,C062,45.32451,-93.00255
917,I-35 NB N of U.S.8,C061,45.3065,-93.00255
918,I-35 NB @ U.S.8,C060,45.2912,-93.00255
919,error,ctl_939,44.08884,-96.18456
920,error,ctl_947,44.7633,-94.15791
921,error,ctl_940,44.9493,-95.74447
922,error,ctl_942,44.90617,-94.05305
923,error,ctl_941,45.19751,-94.31674
924,error,ctl_944,44.50264,-92.7273
925,error,ctl_943,45.93317,-95.31584
926,error,ctl_976,47.51618,-92.52105
927,error,ctl_125,47.46804,-92.52523
928,error,ctl_126,47.63247,-92.42595
929,error,ctl_127,48.02137,-96.66786
930,error,ctl_128,46.65939,-96.75845
931,error,ctl_129,46.01991,-95.31274
932,error,ctl_120,45.37626,-92.99309
933,error,ctl_122,47.78511,-92.36383
934,error,ctl_124,46.80395,-92.36457
935,error,ctl_136,46.90508,-96.74619
936,error,ctl_137,44.36558,-94.42353
937,error,ctl_138,44.40681,-92.97975
938,error,ctl_139,46.04784,-96.49424
939,error,ctl_130,47.60105,-93.77528
940,error,ctl_131,46.28113,-95.87441
941,error,ctl_132,47.32463,-95.61558
942,error,ctl_133,44.28475,-94.3919
943,error,ctl_134,43.93195,-94.91936
944,error,ctl_135,44.29784,-92.79076
945,error,ctl_140,46.45646,-95.17637
946,error,ctl_141,44.90483,-93.97112
947,error,ctl_142,44.38892,-95.88254
948,error,ctl_143,45.32919,-95.00902
949,error,ctl_144,44.42875,-95.81639
950,error,ctl_145,45.04385,-95.1862
951,error,ctl_146,44.94919,-95.37367
952,error,ctl_224,44.79157,-92.91549
953,error,ctl_329,46.73857,-92.16077
954,error,ctl_1106,45.30505,-93.56707
955,error,ctl_1085,45.33755,-93.00855
956,error,ctl_1144,44.88727,-93.36994
957,error,ctl_1145,44.88727,-93.36994
958,error,ctl_1146,44.87222,-93.2985
959,error,ctl_1147,44.9258,-93.27509
960,error,ctl_1141,44.93905,-93.27496
961,error,ctl_1142,44.9908,-93.23666
962,error,ctl_1143,44.89838,-93.19917
963,error,ctl_1148,44.87259,-93.24715
964,error,ctl_1149,44.95457,-93.27068
965,error,ctl_1150,44.93904,-93.27447
966,error,ctl_1155,44.94624,-93.27507
967,error,ctl_1156,44.95938,-93.27013
968,error,ctl_1157,44.95474,-93.27139
969,error,ctl_1158,44.95125,-93.27428
970,error,ctl_1151,44.95061,-93.27397
971,error,ctl_1152,44.9677,-93.26967
972,error,ctl_1153,44.92811,-93.27437
973,error,ctl_1154,44.93312,-93.27441
974,error,ctl_1159,44.93525,-93.27502
975,error,ctl_1160,44.96553,-93.26627
976,error,ctl_1161,44.96583,-93.26465
977,error,ctl_1162,44.96012,-93.26914
978,error,ctl_1163,44.94562,-93.27437
979,error,ctl_1178,44.47213,-93.29364
980,error,ctl_1179,44.92935,-93.27423
981,error,ctl_1180,44.95397,-93.27111
982,error,ctl_C1716,45.03147,-93.04588
983,error,ctl_1246,45.86784,-95.4501
984,error,ctl_1256,45.60366,-94.48351
985,error,ctl_1281,44.97256,-93.34181
986,error,ctl_1282,44.97061,-93.34164
987,error,ctl_1283,44.96642,-93.34245
988,error,35e-112.5,45.02283,-93.09032
989,error,ctl_v94w01,44.96306,-92.73881
990,I-394 EB E of Ridgedale Dr,V394E05,44.97078,-93.42801
991,I-94 EB W of T.H.210 (MP 59.535),VDL94E26,46.23081,-96.04825
992,I-394 CD EB @ Shelard Pkwy,V394E06,44.97297,-93.40912
993,I-94 WB W of T.H.24,VT94W24,45.48169,-94.14075
994,I-394 EB @ Louisiana Ave,V394E09,44.97116,-93.37099
995,I-394 EB @ Winnetka Ave,V394E08,44.97193,-93.38208
996,I-35 NB S of C.S.A.H.1,V35N39T1,44.37691,-93.29345
997,T.H.60 WB E of Co Rd 12,V60W60,43.97883,-94.56409
998,I-94 EB W of Co Rd 21 (MP 36.934),VDL94E22,46.50085,-96.29108
999,U.S.14 WB (Mankato),V14W50,44.1902,-93.98767
1000,I-394 EB @ Plymouth Rd,V394E02,44.97077,-93.44524
1001,T.H.60 WB @ John Caldwell Dr,V60W65,43.88541,-95.09982
1002,T.H.62 WB E of Portland Ave,V62W02,44.89065,-93.25999
1003,I-94 WB E of Tunnel Entrance,L94W53_3,44.96464,-93.28591
1004,T.H.62 WB @ Xerxes Ave,V62W03,44.89091,-93.31862
1005,I-94 WB E of Tunnel Entrance,L94W53_2,44.96467,-93.28591
1006,T.H.62 WB E of Gleason Rd,V62W05,44.88863,-93.37752
1007,I-94 WB E of Tunnel Entrance,L94W53_1,44.78102,-92.98153
1008,I-94 WB E of Co Rd 1 (MP 56.379),VDL94W50,46.26472,-96.09444
1009,T.H.53 NB @ Barker's Island,V53N245,46.71815,-92.06212
1010,I-394 EB E of Dunwoody Blvd,V394E16,44.97477,-93.28951
1011,I-394 Rev EB E of Dunwoody Blvd,V394E17,44.97458,-93.28923
1012,I-94 EB W of T.H.9 (MP 21.233),VDL94E18,46.68981,-96.44819
1013,T.H.53 NB @ Frazier Shipyard,V53N243,46.73219,-92.08413
1014,I-394 EB @ 6th St,V394E18,44.98057,-93.27654
1015,I-94 EB E of 5th St,VDL94E10,46.84743,-96.78295
1016,I-94 WB @ T.H.24,VT94W23,45.3883,-94.01299
1017,I-394 EB W of Penn Ave,V394E12,44.97003,-93.31642
1018,I-94 WB @ Barton Ave,VT94W22,45.3533,-93.91662
1019,I-35W NB @ 88th St,L35WN33_4,44.84367,-93.29831
1020,I-94 WB @ Co Rd 75,VT94W21,45.28639,-93.75333
1021,I-94 EB W of T.H.336 (MP 5.532),VDL94E14,46.84702,-96.66756
1022,I-35W NB @ 88th St,L35WN33_3,44.84367,-93.29827
1023,I-394 EB W of Xenia Ave,V394E10,44.97058,-93.3608
1024,I-35W NB @ 88th St,L35WN33_2,44.84367,-93.29822
1025,I-35W NB @ 88th St,L35WN33_1,44.84367,-93.29818
1026,T.H.62 EB @ Tracy Ave,V62E02T1,44.88727,-93.36994
1027,T.H.62 EB @ Tracy Ave,V62E02T2,44.88727,-93.3698
1028,I-35W SB S of 86th St,V35WS10,44.84567,-93.29881
1029,T.H.77 NB S of Old Shakopee Rd,VM77N06,44.8379,-93.24148
1030,I-35W SB S of Old Shakopee Rd,V35WS13,44.81654,-93.29164
1031,I-694 NB @ 15th St N,V694W01,44.97046,-92.95854
1032,I-35W SB @ 106th St,V35WS14,44.80958,-93.29177
1033,Unknown location,VIMAGO,44.78222,-92.97932
1034,I-35W NB S of 58th St,L35WN43_1,44.89839,-93.27484
1035,I-694 WB W of T.H.61,V694W03,45.03789,-93.04927
1036,I-35W SB @ 94th St,V35WS11,44.83371,-93.2954
1037,I-35W SB @ 94th St,V35WS12,44.83094,-93.29362
1038,I-35W NB S of 58th St,L35WN43_2,44.89839,-93.27488
1039,I-35W NB S of 58th St,L35WN43_3,44.89839,-93.27492
1040,I-35W NB S of 58th St,L35WN43_4,44.89839,-93.27496
1041,I-35W SB N of Minnesota River,V35WS15,44.80463,-93.29107
1042,I-35W NB S of 58th St,L35WN43_5,44.89839,-93.27499
1043,I-35W SB @ T.H.13,V35WS16,44.77232,-93.28869
1044,I-35W NB S of 58th St,L35WN43_6,44.89839,-93.27503
1045,I-94 WB E of T.H.34 (MP 24.969),VDL94W80,46.64658,-96.3824
1046,I-35W NB @ Timberland Dr,L35WN20_2,44.76065,-93.2891
1047,I-94 WB @ Groveland Ave,L94W52_4,44.96496,-93.28286
1048,I-35W NB @ Timberland Dr,L35WN20_1,44.76065,-93.28905
1049,I-94 WB @ Groveland Ave,L94W52_3,44.96498,-93.28286
1050,I-94 WB @ Groveland Ave,L94W52_2,44.965,-93.28287
1051,I-35 SB S of Co Rd 97,V35S50,45.23788,-93.02865
1052,I-35W NB @ 73rd St,V35WN05T,44.87222,-93.2985
1053,I-94,VADDCO,45.57491,-94.1673
1054,I-94 WB @ Groveland Ave,L94W52_1,44.96506,-93.28289
1055,I-94 EB @ Co Rd 19,V94E15,44.94833,-92.90353
1056,I-35W SB S of Co Rd E2,V35WS03,45.04811,-93.18922
1057,I-35 SB @ 16th Ave E,V35S199,46.79989,-92.07526
1058,I-35W SB N of Lake Dr,V35WS01,45.12966,-93.18885
1059,I-35W SB @ Franklin Ave,V35WS06,44.96289,-93.26997
1060,I-94 EB @ Victoria St,V94E11,44.95157,-93.1366
1061,I-35W SB @ 35th St,V35WS07,44.93971,-93.27495
1062,I-94 EB W of T.H.120,V94E13,44.94878,-92.99473
1063,I-35W SB @ 4th St,V35WS05,44.98353,-93.24283
1064,I-35W NB @ 33rd St,V35WN06B,44.94356,-93.27447
1065,I-35W NB N of 42nd St,V35WN06A,44.7772,-92.95944
1066,I-35W SB S of 50th St,V35WS08,44.91138,-93.27505
1067,I-94 WB W of Co Rd 24 (MP 39.665),VDL94W70,46.46971,-96.26151
1068,I-35W SB @ 73rd St,V35WS09,44.87124,-93.29907
1069,I-94 EB @ Prior Ave,V94E10,44.9535,-93.185
1070,I-94 EB W of T.H.79 (MP 81.433),VDL94E30,46.00866,-95.75213
1071,T.H.60 WB @ 200th St,V60W50,44.12209,-94.1978
1072,I-94 EB W of T.H.114 (MP 98.747),VDL94E34,45.87178,-95.46008
1073,I-35 SB @ Co Rd 22,V35S47,45.33712,-93.00534
1074,T.H.60 WB W of Co Rd 9,V60W55,44.03159,-94.41949
1075,I-94 EB W of Lake Latoka RA,VDL94E35,45.87751,-95.47654
1076,I-35W NB @ 92nd St,L35WN32_3,44.83763,-93.29763
1077,I-35W NB @ 92nd St,L35WN32_2,44.83763,-93.29758
1078,I-35W NB @ 92nd St,L35WN32_1,44.83763,-93.29754
1079,I-94 EB @ Grover Ave,VT94E25B2,45.38343,-94.00898
1080,I-35 SB @ Midway Rd,V35S070,46.7116,-92.26374
1081,I-94 EB @ 25th Ave,V94E08,44.96417,-93.23637
1082,I-94 EB E of Franklin Ave,V94E09,44.96275,-93.21395
1083,T.H.77 NB @ Diagonal Blvd,V77N08,44.87631,-93.24674
1084,I-94 EB E of Co Rd 39,VT94E26B,45.30537,-93.81869
1085,I-94 EB W of Brooklyn Blvd,V94E04,45.07588,-93.34221
1086,I-94 WB E of T.H.29 (MP 106.198),VDL94W20,45.83583,-95.32639
1087,I-94 SB @ Lowry Ave,V94E06,45.01331,-93.2829
1088,T.H.36 EB @ Victoria St,V36E02,45.00997,-93.13636
1089,I-94 EB @ 11th Ave,V94E07,44.96539,-93.25924
1090,I-94 EB W of T.H.101,V94E00,45.2069,-93.58018
1091,T.H.77 NB @ 72nd St,V77N07T,44.87259,-93.24715
1092,I-94 EB E of Brockton Ln,V94E01,45.15959,-93.5185
1093,I-35W NB @ 48th St,L35WN46_1,44.91865,-93.27456
1094,I-35W NB @ 48th St,L35WN46_2,44.91865,-93.2746
1095,I-94 EB W of Weaver Lake Rd,V94E02,45.11227,-93.47299
1096,I-35W NB @ 48th St,L35WN46_3,44.91865,-93.27463
1097,I-35W NB @ 76th St,V35WN05A,44.86712,-93.29859
1098,I-35W NB @ 48th St,L35WN46_4,44.91865,-93.27467
1099,I-35W NB @ 48th St,L35WN46_5,44.91865,-93.27471
1100,I-35W NB @ Nicollet Ave,V35WN05C,44.88989,-93.28058
1101,I-35W NB S of 66th St,V35WN05B,44.87706,-93.29755
1102,I-35W NB S of 50th St,V35WN05E,44.91104,-93.2742
1103,I-35W NB N of 60th St,V35WN05D,44.8967,-93.27448
1104,U.S.14 WB,V14W10,44.0071,-92.46908
1105,I-35W NB @ T.H.13,L35WN23_3,44.77203,-93.28856
1106,I-35W NB @ T.H.13,L35WN23_2,44.77203,-93.28852
1107,I-35W NB @ T.H.13,L35WN23_1,44.77203,-93.28847
1108,T.H.36 EB @ Edgerton St,V36E04,45.00919,-93.0772
1109,T.H.36 EB W of Hadley Ave N,V36E06,45.02491,-92.97559
1110,T.H.5 WB @ I-494 WB,VM5W20,44.86343,-93.20991
1111,I-94 EB E of T.H.24,VT94E25B,45.39313,-94.02286
1112,I-94 EB W of T.H.24,VT94E25A,45.42265,-94.08272
1113,I-94 EB W of Barton Ave,VT94E25D,45.35588,-93.93195
1114,T.H.100 NB @ 77th St,V100N01,44.86399,-93.34971
1115,I-94 EB @ Co Rd 8,VT94E25C,45.36775,-93.97378
1116,I-94 EB @ Aetna Ave,VT94E25F,45.33986,-93.87861
1117,T.H.13 NB @ 132nd St,V13E10,44.76472,-93.37943
1118,I-94 EB @ Barton Ave,VT94E25E,45.35297,-93.91679
1119,T.H.100 NB N of Minnetonka Blvd,V100N05,44.95195,-93.34749
1120,T.H.100 NB @ Cedar Lake Rd,V100N06,44.96498,-93.34294
1121,T.H.100 NB S of Duluth St,V100N08,44.99244,-93.34938
1122,I-35W SB S of 98th St,L35WS70_1,44.82326,-93.29171
1123,I-35W NB N of 106th St,V35WN04B,44.81663,-93.29083
1124,I-35W SB S of 98th St,L35WS70_2,44.82326,-93.29167
1125,I-35W NB @ Black Dog Rd,V35WN04A,44.79715,-93.28901
1126,I-35W SB S of 98th St,L35WS70_3,44.82326,-93.29162
1127,I-35W NB @ 94th St,V35WN04D,44.83164,-93.29343
1128,I-35W NB @ Old Shakopee Rd,V35WN04C,44.82373,-93.29094
1129,I-94 EB @ Fairview Ave,L94E70_4,44.9518,-93.17325
1130,I-35W NB N of 90th St,V35WN04E,44.84328,-93.29796
1131,I-35W NB @ 82nd St,L35WN35_4,44.85492,-93.2981
1132,I-94 WB @ Cedar Ave,V94W09A,44.96551,-93.2462
1133,I-35W NB @ 82nd St,L35WN35_3,44.85492,-93.29805
1134,I-94 EB @ Fairview Ave,L94E70_2,44.95174,-93.17325
1135,T.H.53 NB N of Eveleth,V53N51,47.4837,-92.53008
1136,I-35W NB @ 82nd St,L35WN35_2,44.85492,-93.29801
1137,I-94 EB @ Fairview Ave,L94E70_3,44.95177,-93.17326
1138,I-35W NB @ 82nd St,L35WN35_1,44.85492,-93.29796
1139,T.H.5 WB @ Post Rd,VM5W18,44.86942,-93.19955
1140,I-94 EB @ Fairview Ave,L94E70_1,44.95163,-93.17325
1141,I-394 WB @ U.S.169,V394W04,44.97416,-93.39949
1142,I-394 WB @ Louisiana Ave,V394W03,44.97201,-93.37006
1143,I-394 WB @ Xenia Ave,V394W02,44.97113,-93.35108
1144,T.H.13 EB W of C.S.A.H.5,V13E14,44.77331,-93.30808
1145,I-394 WB @ Penn Ave,V394W01,44.97012,-93.30868
1146,T.H.77 NB S of I-35E,V77N02,44.77078,-93.21713
1147,T.H.77 NB N of Minnesota River,V77N05,44.83566,-93.23969
1148,I-394 WB @ Ridgedale Dr,V394W06,44.97146,-93.43245
1149,I-394 WB W of Co Rd 73,V394W05,44.97121,-93.4245
1150,I-35 SB S of C.S.A.H.1,V35S75T5,44.37673,-93.29367
1151,T.H.13 EB @ 115th St,V13E22,44.79574,-93.23775
1152,I-35 SB S of C.S.A.H.1,V35S75T4,44.4123,-93.2923
1153,I-35 SB N of C.S.A.H.1,V35S75T3,44.44117,-93.29241
1154,I-35W NB S of 50th St,L35WN45_1,44.91222,-93.27459
1155,I-35 SB N of T.H.19,V35S75T2,44.48632,-93.29216
1156,I-35W NB S of 50th St,L35WN45_2,44.91222,-93.27463
1157,I-35 SB N of T.H.19,V35S75T1,44.53044,-93.2993
1158,I-35W NB S of 50th St,L35WN45_3,44.91222,-93.27467
1159,I-35W NB S of 50th St,L35WN45_4,44.91222,-93.27471
1160,I-35W NB S of 50th St,L35WN45_5,44.91222,-93.27474
1161,I-35W NB @ Timberland Dr,V35WN03A,44.76111,-93.28877
1162,I-35W NB @ Cliff Rd,V35WN03C,44.78288,-93.28825
1163,I-35W NB @ Burnsville Pkwy,V35WN03B,44.76854,-93.28842
1164,I-94 WB E of Brockton Ln,V94W18,45.16137,-93.51588
1165,I-94 WB W of T.H.101,V94W19,45.20829,-93.58016
1166,I-94 WB @ Xerxes Ave,V94W15,45.07436,-93.31836
1167,I-35W NB @ Burnsville Pkwy,L35WN22_3,44.76834,-93.28873
1168,I-35W NB @ Burnsville Pkwy,L35WN22_2,44.76834,-93.28869
1169,I-94 WB @ Tunnel Entrance,L94W54_3,44.96525,-93.28769
1170,I-35W NB @ Burnsville Pkwy,L35WN22_1,44.76834,-93.28864
1171,I-94 WB @ Lyndale Ave,V94W10,44.96467,-93.28495
1172,I-94 WB @ Tunnel Entrance,L94W54_2,44.96525,-93.28764
1173,I-94 WB @ Tunnel Entrance,L94W54_1,44.96525,-93.28759
1174,I-94 NB @ 26th Ave,V94W12,45.00586,-93.28226
1175,Civic Center Dr WB E of T.H.52,VCCD01,44.02947,-92.48181
1176,T.H.52 NB N of Mississippi River,L52N11_2,44.95041,-93.08093
1177,I-35W SB S of 102nd St,L35WS71_3,44.81703,-93.29155
1178,T.H.52 NB N of Mississippi River,L52N11_3,44.95041,-93.08093
1179,I-94 WB E of T.H.79 (MP 83.667),VDL94W30,45.99223,-95.72
1180,T.H.36 EB W of Stillwater Blvd,V36E10,45.03569,-92.85768
1181,T.H.610 EB E of Hemlock Ln,V610E60,45.13016,-93.42857
1182,I-90 SB (274.40),V90E95,43.88141,-91.33065
1183,I-35W SB S of 102nd St,L35WS71_1,44.81703,-93.29164
1184,T.H.52 NB N of Mississippi River,L52N11_1,44.95041,-93.08093
1185,I-35W SB S of 102nd St,L35WS71_2,44.81703,-93.29161
1186,I-94 WB @ Dale St,V94W07,44.95195,-93.12616
1187,I-35E SB N of T.H.36,V35ES04A,45.01808,-93.08999
1188,I-94 WB @ Huron St,V94W08,44.96719,-93.22024
1189,I-94 WB W of 25th Ave,V94W09,44.96455,-93.24007
1190,I-94 WB @ Co Rd 19,V94W02,44.94906,-92.90307
1191,I-35W NB @ 85th St,L35WN34_4,44.85007,-93.29818
1192,I-94 EB @ Brockton Ln,V94E01A,45.1636,-93.52193
1193,I-94 WB @ Greenway Ave,V94W03,44.94894,-92.97269
1194,I-35W NB @ 85th St,L35WN34_3,44.85007,-93.29812
1195,I-35W NB @ 85th St,L35WN34_2,44.85007,-93.29809
1196,I-35W NB @ 85th St,L35WN34_1,44.85007,-93.29804
1197,I-94 WB E of Earl St,V94W05,44.95209,-93.05223
1198,T.H.252 SB S of T.H.610,V252S50,45.11402,-93.30397
1199,I-94 WB E of Hegen St,V94W01,44.9631,-92.73881
1200,T.H.61 NB @ Silver Cliff Tunnel,V61N040,47.03354,-91.65108
1201,I-494 EB N of Lake Rd,V494E14,44.91834,-92.97643
1202,I-35W NB @ 66th St,L35WN40_1,44.88653,-93.29591
1203,I-494 EB @ Dodd Rd,V494E10,44.86246,-93.12984
1204,I-35W NB @ 66th St,L35WN40_2,44.88653,-93.29595
1205,I-35W NB @ 66th St,L35WN40_3,44.88653,-93.29598
1206,I-35W SB @ 92nd St,L35WS68_2,44.83763,-93.29781
1207,I-94 EB @ Prior Ave,L94E68_5,44.95358,-93.18495
1208,I-35W SB @ 92nd St,L35WS68_1,44.83763,-93.29785
1209,I-94 EB @ Prior Ave,L94E68_3,44.95358,-93.18495
1210,I-94 EB @ Prior Ave,L94E68_4,44.95358,-93.18495
1211,I-94 EB @ Prior Ave,L94E68_1,44.95352,-93.18499
1212,I-94 EB @ Prior Ave,L94E68_2,44.95356,-93.18497
1213,T.H.36 WB E of Hilton Tr,V36W01,45.03604,-92.9442
1214,T.H.36 WB E of Washington Ave,V36W00,45.03614,-92.82692
1215,I-35W SB S of 58th St,L35WS57_3,44.89839,-93.27508
1216,T.H.52 NB @ Wentworth Ave,V52N32,44.89828,-93.06573
1217,T.H.52 NB @ 70th St,V52N30,44.8477,-93.05945
1218,T.H.52 NB @ Concord Blvd,V52N28T,44.81381,-93.03956
1219,I-35E SB N of I-694 E Jct,V35ES03A,45.04283,-93.06227
1220,I-35E SB @ Edgerton St,V35ES03B,45.03691,-93.07493
1221,T.H.52 NB @ Mississippi River,L52N10_3,44.94523,-93.07826
1222,U.S.12 EB E of Bushaway Rd,V12E01,44.9708,-93.4905
1223,C.S.A.H.22 SB,V22S02,44.00051,-92.49213
1224,I-35W SB S of 58th St,L35WS57_2,44.89839,-93.27512
1225,I-35W SB S of 58th St,L35WS57_1,44.89839,-93.27516
1226,T.H.52 NB @ Mississippi River,L52N10_1,44.94523,-93.07826
1227,T.H.52 NB @ Mississippi River,L52N10_2,44.94523,-93.07826
1228,I-35 NB @ Southcross Dr,L35N17_3,44.73702,-93.28322
1229,I-35 NB @ Southcross Dr,L35N17_1,44.73702,-93.28314
1230,I-35 NB @ Southcross Dr,L35N17_2,44.73702,-93.28318
1231,I-694 EB @ McKnight Rd,V694E13,45.03653,-93.00527
1232,I-35W SB S of 94th St,L35WS69_3,44.83064,-93.29343
1233,I-35W SB S of 94th St,L35WS69_2,44.83064,-93.29348
1234,U.S.2 EB,VD2_2E50,47.93769,-97.01156
1235,I-394 EB W of Carlson Pkwy,V12E03,44.97082,-93.48692
1236,I-35W NB @ 76th St,MP35WN10_1,44.87612,-93.2974
1237,I-394 EB @ Ferndale Rd,V12E02,44.97766,-93.52284
1238,I-35E SB S of Co Rd 96,V35ES02B,45.06987,-93.05421
1239,I-35E SB N of Co Rd 96,V35ES02A,45.08139,-93.05308
1240,T.H.52 NB @ U.S.14,V52N06,44.00642,-92.48215
1241,I-90 EB,V90E60,43.67682,-94.46006
1242,I-35W SB S of 94th St,L35WS69_1,44.83064,-93.29352
1243,T.H.13 WB E of Seneca Rd,V13W12,44.82439,-93.20212
1244,T.H.13 WB W of Portland Ave,V13W18,44.78074,-93.27149
1245,I-35W SB @ Nicollet Ave,L35WS58_3,44.89022,-93.27987
1246,T.H.13 WB @ Chowen Ave,V13W20,44.77799,-93.32728
1247,I-35W SB @ Nicollet Ave,L35WS58_2,44.89025,-93.27987
1248,T.H.10 WB E of T.H.101,VT10W08,45.2652,-93.53474
1249,I-90 WB (Worthington),V90W90,43.63869,-95.54668
1250,I-494 SB N of Baker Rd,V494E03,44.90556,-93.4487
1251,WI T.H. 35 WB @ Andersn Sct Cmp Trl,VW35S01,45.07157,-92.7701
1252,I-35 SB @ 280th St,V35S46T,45.35469,-92.9991
1253,I-35W SB @ Nicollet Ave,L35WS58_1,44.89028,-93.27987
1254,T.H.36 WB @ Edgerton St,V36W03,45.00978,-93.0762
1255,I-94 EB @ 11th Ave,L94E56_4,44.96547,-93.25925
1256,I-90 EB W of U.S.71,V90E50,43.6383,-95.00937
1257,T.H.36 WB @ Victoria St,V36W05,45.0103,-93.13576
1258,I-94 EB @ 11th Ave,L94E56_1,44.96529,-93.25925
1259,I-94 EB @ 11th Ave,L94E56_3,44.96544,-93.25924
1260,I-35 NB S of T.H.60,V35S80T2,44.27924,-93.30422
1261,I-94 EB @ 11th Ave,L94E56_2,44.9654,-93.25925
1262,I-35 SB N of T.H.21,V35S80T1,44.33378,-93.293
1263,I-94 WB @ Prior Ave,V94W07B,44.95374,-93.18492
1264,I-94 WB @ Hamline Ave,V94W07A,44.95193,-93.15385
1265,I-35W NB @ Nicollet Ave,MP35WN11_1,44.88981,-93.27988
1266,I-494 EB @ Portland Ave,V494E08,44.86065,-93.27016
1267,I-494 EB @ Xerxes Ave,V494E07,44.86067,-93.32024
1268,I-35 NB @ Crystal Lake Rd,L35N16_1,44.73042,-93.28227
1269,I-494 EB @ W Bush Lake Rd,V494E04,44.85983,-93.37625
1270,T.H.77 SB S of Diagonal Blvd,VM77S02,44.87269,-93.24767
1271,T.H.53 SB @ 12th Ave,V53S56,47.50957,-92.55008
1272,I-35W NB @ Nicollet Ave,L35WN42_1,44.8901,-93.27987
1273,I-35W NB @ Nicollet Ave,L35WN42_2,44.89013,-93.27987
1274,I-35W NB @ Nicollet Ave,L35WN42_3,44.89015,-93.27987
1275,I-35 NB @ Crystal Lake Rd,MP35WN01_2,44.72957,-93.28245
1276,I-35W NB @ Nicollet Ave,L35WN42_4,44.89018,-93.27987
1277,I-35W SB @ Lyndale Ave,L35WS59_3,44.89047,-93.29
1278,I-35W SB @ Lyndale Ave,L35WS59_2,44.8905,-93.29
1279,I-35W SB @ Lyndale Ave,L35WS59_1,44.89052,-93.29
1280,I-35 NB @ Crystal Lake Rd,MP35WN01_1,44.72957,-93.28245
1281,I-94 CD EB @ Garage C TAD,VPARK,44.98391,-93.27666
1282,I-35 SB @ 14th Ave W,V35S172,46.77262,-92.11474
1283,U.S.63 NB,V63N10,43.94515,-92.4681
1284,T.H.65 SB S of 81st Ave NE,V65S50,45.113,-93.24311
1285,Rockford Rd WB E of I-494,VHC9W50,45.02808,-93.44882
1286,T.H.65 SB N of 99th Ave,V65S48,45.15136,-93.23557
1287,I-94 WB @ Park Ave,L94W48_4,44.9658,-93.26478
1288,I-94 WB @ Park Ave,L94W48_3,44.96582,-93.26478
1289,I-35W NB @ 50th St,MP35WN12_1,44.91224,-93.27413
1290,I-694 WB @ Victoria St,V694W05,45.05622,-93.13117
1291,I-35W NB S of 94th St,L35WN31_3,44.83064,-93.29331
1292,I-35W NB S of 94th St,L35WN31_2,44.83064,-93.29327
1293,I-35W NB S of 94th St,L35WN31_1,44.83064,-93.29322
1294,I-694 WB @ Matterhorn Dr,V694W07,45.06637,-93.23662
1295,I-94 WB @ Carmichael Rd,V94W01A,44.96403,-92.72015
1296,I-94 WB @ Park Ave,L94W48_2,44.96583,-93.26478
1297,T.H.52 NB,V52N04,43.98188,-92.47334
1298,I-94 WB @ Park Ave,L94W48_1,44.96589,-93.26477
1299,T.H.52 NB @ C.S.A.H.1,V52N02,43.97442,-92.44208
1300,T.H.61 SB @ 27th Ave E,V61S205,46.80975,-92.06068
1301,T.H.77 SB N of T.H.13,V77S04,44.82423,-93.22754
1302,I-35W NB @ Lyndale Ave,L35WN41_1,44.89025,-93.29
1303,I-35W NB @ Lyndale Ave,L35WN41_2,44.89028,-93.29
1304,I-35W NB @ Lyndale Ave,L35WN41_3,44.89031,-93.29
1305,I-35W NB @ Co Rd 42,MP35WN02_2,44.74456,-93.28269
1306,I-35W NB @ Co Rd 42,MP35WN02_1,44.74456,-93.28269
1307,T.H.200 WB,VD2_200W50,47.29608,-96.53074
1308,I-694 EB @ Matterhorn Dr,V694E02,45.06609,-93.23684
1309,I-694 EB @ Victoria St,V694E05,45.05601,-93.13165
1310,T.H.10 WB E of T.H.336 (MP 7.309),VDL10W90,46.8779,-96.62956
1311,I-90 WB @ U.S.71,V90W50,43.64251,-94.98213
1312,U.S.169 SB S of Central St,VD3_169S50,46.29016,-93.82551
1313,Rockford Rd EB W of I-494,VHC9E50,45.02904,-93.45726
1314,I-35W NB @ 41st St,MP35WN13_1,44.92911,-93.27419
1315,T.H.10 EB W of T.H.24,VT10E08,45.46187,-94.01616
1316,I-94 EB @ Cedar Ave,L94E58_3,44.96529,-93.24635
1317,I-94 EB @ Cedar Ave,L94E58_2,44.96525,-93.24636
1318,T.H.10 EB E of T.H.25,VT10E09,45.3688,-93.83939
1319,T.H.61 NB S of 70th St,V61N50,44.84301,-92.97695
1320,T.H.61 NB @ Point Douglas Rd,V61N52,44.93342,-93.0272
1321,I-94 EB @ Cedar Ave,L94E58_4,44.96533,-93.24633
1322,I-494 SB S of 49th Ave,V494S01,45.04263,-93.4531
1323,I-494 SB @ Carlson Pkwy,V494S02,44.98375,-93.46012
1324,I-90 EB @ Diagonal Rd,V90E10,43.63766,-95.62767
1325,I-94 EB @ Cedar Ave,L94E58_1,44.96518,-93.2464
1326,T.H.10 SB,VT10E02,45.987,-94.34057
1327,T.H.10 SB @ Co Rd 33,VT10E05,45.64452,-94.17069
1328,I-394 EB @ Wayzata Blvd,V394E11B,44.96851,-93.34115
1329,I-394 EB @ Wayzata Blvd,V394E11A,44.96856,-93.34126
1330,I-35W NB S of 98th St,L35WN30_3,44.82326,-93.2915
1331,I-35W NB S of 98th St,L35WN30_2,44.82326,-93.29146
1332,I-35W NB S of 98th St,L35WN30_1,44.82326,-93.29141
1333,T.H.77 SB @ 66th St,V77S01,44.8806,-93.24722
1334,I-90 WB,V90W40,43.67868,-94.43415
1335,T.H.10 WB @ 4th Ave,V10W06,45.20502,-93.38507
1336,RTMC,VLEDSTAR,44.7889,-93
1337,I-35W NB @ Timberland Dr,MP35WN03_2,44.76066,-93.28875
1338,Bass Lake Rd WB E of I-494,VHC10W50,45.06549,-93.44395
1339,I-35W NB @ Timberland Dr,MP35WN03_1,44.76066,-93.28875
1340,T.H.10 WB E of Co Rd J,V10W01,45.12227,-93.20873
1341,I-35W SB @ 76th St,L35WS64_3,44.86586,-93.29905
1342,I-35W SB @ 76th St,L35WS64_2,44.86586,-93.29911
1343,I-35W SB @ 76th St,L35WS64_1,44.86586,-93.29914
1344,T.H.10 WB W of Egret Blvd,V10W05,45.16556,-93.2876
1345,I-94 EB @ T.H.280,L94E64_3,44.95977,-93.20234
1346,Unknown location,VSKYLINE,44.78079,-92.97472
1347,I-35W NB S of 102nd St,L35WN29_2,44.81703,-93.29138
1348,I-94 EB @ T.H.280,L94E64_1,44.95962,-93.20234
1349,I-94 EB @ T.H.280,L94E64_2,44.95973,-93.20234
1350,T.H.75 NB,VD2_75N50,47.7684,-96.62885
1351,I-35W NB S of 102nd St,L35WN29_1,44.81703,-93.29134
1352,T.H.280 NB N of Energy Park Dr,V280N07,44.98094,-93.20323
1353,T.H.52 SB @ 65th St NW,V52S50,44.09415,-92.51185
1354,I-90 WB,V90W30,43.66093,-94.08841
1355,T.H.52 SB @ 6th St NW,V52S54,44.01278,-92.48517
1356,I-94 WB @ Lyndale Ave,V94W10A,44.96442,-93.28487
1357,T.H.52 SB S of 37th St NW,V52S52,44.05308,-92.49381
1358,I-35 NB @ Thompson Hill,V35N090,46.73577,-92.19286
1359,I-35W SB @ Cliff Rd,L35WS76_1,44.78255,-93.28878
1360,I-35W SB @ Cliff Rd,L35WS76_2,44.78255,-93.28874
1361,I-35W SB @ Cliff Rd,L35WS76_3,44.78255,-93.28869
1362,T.H.55 EB @ Niagara Ln,V55E10,45.01421,-93.46981
1363,I-35W SB @ 41st St,L35WS53_4,44.9291,-93.27484
1364,I-35W SB @ 41st St,L35WS53_3,44.9291,-93.27487
1365,I-94 EB @ Lexington Ave,L94E76_4,44.95164,-93.14491
1366,I-35W SB @ 41st St,L35WS53_2,44.9291,-93.27492
1367,I-94 EB @ Lexington Ave,L94E76_5,44.95164,-93.14491
1368,I-35W SB @ 41st St,L35WS53_1,44.9291,-93.27496
1369,I-94 EB @ Lexington Ave,L94E76_2,44.95161,-93.14491
1370,I-94 EB @ Lexington Ave,L94E76_3,44.95163,-93.14491
1371,I-94 EB @ Lexington Ave,L94E76_1,44.9516,-93.14491
1372,I-35W NB S of Co Rd 42,L35WN18_1,44.74496,-93.28272
1373,U.S.169 SB @ 49th Ave,V169S03,45.04401,-93.40105
1374,U.S.169 SB N of Cedar Lake Rd,V169S05,44.95839,-93.40091
1375,U.S.169 SB @ Bren Rd,V169S07,44.89909,-93.40163
1376,T.H.7 EB @ Woodhill Rd,V7E10,44.92248,-93.46302
1377,U.S.169 SB @ 77th Ave,V169S02,45.09462,-93.40244
1378,T.H.169 SB @ 109th Ave,V169S01,45.1443,-93.3929
1379,I-35W SB N of 60th St,V35WS08A,44.89685,-93.27522
1380,I-35W SB @ Lyndale Ave,V35WS08B,44.89047,-93.28962
1381,I-35W SB S of 66th St,V35WS08C,44.87701,-93.29834
1382,I-35W NB @ Burnsville Pkwy,MP35WN04_2,44.76834,-93.28838
1383,I-35W NB @ Burnsville Pkwy,MP35WN04_1,44.76834,-93.28838
1384,I-35W SB @ Minnesota River,MP35WS07_1,44.80486,-93.29126
1385,I-35 NB @ Crystal Lake Rd,V35N06A,44.73013,-93.28265
1386,I-35W NB @ 106th St,L35WN28_3,44.80983,-93.29146
1387,I-35W NB @ 106th St,L35WN28_2,44.80983,-93.2914
1388,I-35W NB @ 106th St,L35WN28_1,44.80983,-93.29137
1389,T.H.200 EB,VD2_200E50,47.29512,-96.80951
1390,I-35 NB @ Ugstad Rd,V35N073,46.71805,-92.2448
1391,T.H.52 SB @ Wentworth Ave,V52S32,44.8924,-93.06585
1392,U.S.169 SB N of Pioneer Trail,V169S10,44.82454,-93.39869
1393,I-35W SB @ 40th St,V35WS07A,44.92954,-93.27486
1394,I-35W SB @ T.H.13,L35WS77_1,44.77203,-93.28878
1395,I-35W SB @ T.H.13,L35WS77_2,44.77203,-93.28874
1396,I-35W SB @ T.H.13,L35WS77_3,44.77203,-93.28869
1397,I-35 NB S of C.S.A.H.12,V35N20T1,44.15724,-93.25739
1398,T.H.100 SB N of T.H.55,V100S04,44.99091,-93.34945
1399,T.H.61 NB (2.90),V61N10,43.84543,-91.2978
1400,T.H.100 SB @ Glenwood Ave,V100S05,44.97688,-93.34456
1401,T.H.100 SB @ 50th St,V100S07,44.9126,-93.35096
1402,I-35W NB S of 102nd St,L35WN29_3,44.81703,-93.29143
1403,Bass Lake Rd EB W of I-494,VHC10E50,45.06945,-93.45155
1404,I-35 NB @ Co Rd 61,V35N066,46.70186,-92.30939
1405,T.H.10 EB @ Alpine Dr,V10E02,45.25037,-93.51086
1406,T.H.10 EB W of Egret Blvd,V10E05,45.1649,-93.28759
1407,I-35W NB @ Cliff Rd,MP35WN05_2,44.78257,-93.28824
1408,I-35W NB @ Cliff Rd,MP35WN05_1,44.78257,-93.28824
1409,I-35W SB @ 106th St,MP35WS06_1,44.81703,-93.29182
1410,I-35 SB @ Paper Mill,V35S101,46.73731,-92.16255
1411,I-35W SB @ 85th St,L35WS66_3,44.85007,-93.2983
1412,I-35W SB @ 85th St,L35WS66_2,44.85007,-93.29835
1413,I-94 EB W of Cretin Ave,L94E66_5,44.95684,-93.19463
1414,I-35W SB @ 85th St,L35WS66_1,44.85007,-93.29839
1415,I-94 EB @ Cretin Ave,L94E66_3,44.95682,-93.19464
1416,I-94 EB @ Cretin Ave,L94E66_4,44.95683,-93.19464
1417,I-94 EB @ Cretin Ave,L94E66_1,44.95674,-93.19469
1418,I-94 EB @ Cretin Ave,L94E66_2,44.95679,-93.19464
1419,T.H.169 SB @ Mitchell Bridge,V169106,47.45036,-92.88935
1420,I-494 WB W of Delaware Ave,V494W03,44.86278,-93.11582
1421,I-494 WB @ T.H.5,V494W05,44.86236,-93.21541
1422,I-494 WB @ Chicago Ave,V494W06,44.86236,-93.26322
1423,I-494 WB E of W Bush Lake Rd,V494W07,44.86044,-93.37201
1424,I-494 NB N of Baker Rd,V494W09,44.90561,-93.44804
1425,I-35W SB S of 50th St,L35WS55_5,44.91222,-93.27488
1426,I-535 SB @ Blatnik Approach,V535S141,46.75971,-92.11206
1427,T.H.169 NB @ Mitchell Bridge,V169101,47.44122,-92.89221
1428,I-35W NB @ 28th St,L35WN50_1,44.9518,-93.2734
1429,I-35W NB @ 28th St,L35WN50_2,44.9518,-93.27344
1430,I-35W NB @ 28th St,L35WN50_3,44.9518,-93.27349
1431,I-35W SB @ Burnsville Pkwy,L35WS78_1,44.76833,-93.28915
1432,I-35W NB @ 28th St,L35WN50_4,44.9518,-93.27352
1433,I-694 SB @ 15th St N,V694S15,44.97064,-92.95896
1434,I-35W SB @ Burnsville Pkwy,L35WS78_2,44.76834,-93.28891
1435,I-35W NB @ 28th St,L35WN50_5,44.9518,-93.27359
1436,I-35W SB @ Burnsville Pkwy,L35WS78_3,44.76834,-93.28886
1437,I-35E NB @ Little Canada Rd,V35EN12,45.02244,-93.08959
1438,I-35W SB S of 50th St,L35WS55_4,44.91222,-93.27492
1439,I-35E NB @ Co Rd E,V35EN13,45.04827,-93.05934
1440,I-35W SB S of 50th St,L35WS55_3,44.91222,-93.27496
1441,I-94 EB @ Victoria St,L94E78_4,44.95167,-93.13367
1442,I-35W SB S of 50th St,L35WS55_2,44.91222,-93.275
1443,I-35E NB @ Pennsylvania Ave,V35EN10,44.96094,-93.09062
1444,I-35W SB S of 50th St,L35WS55_1,44.91222,-93.27503
1445,I-35E NB @ Maryland Ave,V35EN11,44.97696,-93.08797
1446,T.H.10 EB @ Dilworth (MP 4.131),VDL10E05,46.87426,-96.70167
1447,I-94 EB @ Victoria St,L94E78_2,44.95164,-93.13367
1448,U.S.2 NB,VD2_2W52,47.79182,-96.61152
1449,I-94 EB @ Victoria St,L94E78_3,44.95165,-93.13367
1450,I-35E NB S of Co Rd J,V35EN14,45.1109,-93.04922
1451,I-94 EB @ Victoria St,L94E78_1,44.9516,-93.13367
1452,T.H.61 SB @ Lafayette Tunnel,V61S070,47.10018,-91.54721
1453,I-394 WB E of Co Rd 73,V394W04B,44.97252,-93.41641
1454,I-35 NB S of C.S.A.H.1,V35N40T1,44.41531,-93.2921
1455,U.S.169 NB N of Quail Rd,VD3_169N50,46.05981,-93.66188
1456,I-35 NB (MP 64.8),V35N40,44.4018,-93.2922
1457,T.H.2 WB @ Belnap Viaduct,V2W241,46.72066,-92.10677
1458,I-35E NB N of W. 7th St,V35EN07,44.9207,-93.14456
1459,I-394 WB @ Louisiana Ave,PCMS01,44.97186,-93.37057
1460,I-35W NB @ Black Dog Rd,MP35WN06_2,44.79696,-93.28891
1461,I-394 WB @ Xenia Ave,PCMS02,44.97084,-93.35133
1462,I-35W NB @ Black Dog Rd,MP35WN06_1,44.79696,-93.28891
1463,I-35 NB S of T.H.21,V35N30T3,44.30755,-93.30898
1464,I-35W SB @ 94th St,MP35WS05_1,44.83761,-93.298
1465,I-35 NB N of T.H.21,V35N30T4,44.33401,-93.29311
1466,I-35 NB N of C.S.A.H.12,V35N30T1,44.22568,-93.27696
1467,I-35 NB S of T.H.60,V35N30T2,44.25372,-93.28657
1468,I-35E NB S of T.H.77,V35EN01,44.76588,-93.23681
1469,I-35W SB @ 88th St,L35WS67_3,44.84367,-93.29843
1470,I-394 Rev WB @ Linden Ave,V394W00C,44.97319,-93.2946
1471,I-35W SB @ 88th St,L35WS67_2,44.84367,-93.29848
1472,I-394 Rev WB @ Dunwoody Blvd,V394W00D,44.97225,-93.29391
1473,I-35W SB @ 88th St,L35WS67_1,44.84367,-93.29852
1474,I-394 Rev WB @ Van White Mem Blvd,V394W00E,44.9731,-93.29521
1475,I-35E NB N of Wagon Wheel Tr,V35EN05,44.87892,-93.14125
1476,I-35E NB @ Deerwood Dr,V35EN03,44.81261,-93.18072
1477,I-394 WB @ 16th St,V394W00A,44.97529,-93.2853
1478,I-394 CD2 WB @ I-94,V394W00B,44.97474,-93.28703
1479,I-35E NB S of Lone Oak Rd,V35EN04,44.84136,-93.15762
1480,I-35W SB @ Hennepin Ave,V35WS04T,44.9908,-93.23666
1481,T.H.5 EB @ Airport Rd,V5E05,44.87785,-93.19235
1482,T.H.10 WB @ T.H.59 (MP 44.080),VDL10W10,46.82671,-95.86215
1483,T.H.169 SB (Mankato),V169S56,44.19779,-94.02133
1484,I-494 WB N of Lake Rd,V494W01,44.92073,-92.97476
1485,I-35W NB N of Co Rd 42,L35WN19_1,44.75045,-93.28456
1486,T.H.371 NB @ 250th St,VT371N01,46.11876,-94.33883
1487,I-35W SB @ 92nd St,L35WS68_3,44.83763,-93.29776
1488,I-394 WB (Minneapolis),VG394W00,44.97514,-93.28845
1489,I-35W SB @ 66th St,L35WS60_2,44.88653,-93.29622
1490,I-35E SB N of Little Canada Rd,V35ES04,45.027,-93.09011
1491,I-35W SB @ 66th St,L35WS60_1,44.88653,-93.29626
1492,I-35W NB @ 106th St,MP35WN07_2,44.81705,-93.29106
1493,I-35E SB N of Roselawn Ave,V35ES05,45.00491,-93.08989
1494,I-35E SB S of Co Rd J,V35ES02,45.11092,-93.04964
1495,I-35W NB @ 106th St,MP35WN07_1,44.81705,-93.29106
1496,I-35E SB S of Co Rd E,V35ES03,45.04589,-93.06099
1497,C.S.A.H.6 EB W of I-494,VHC6E50,44.99659,-93.4613
1498,I-35E SB N of W. 7th St,V35ES07,44.92078,-93.14503
1499,I-494 EB @ Portland Ave,VM494E08,44.86207,-93.26828
1500,I-494 EB @ T.H.77,VM494E09,44.86099,-93.24891
1501,I-35W SB @ 86th St,MP35WS04_1,44.85012,-93.29865
1502,I-35W NB @ 37th St,L35WN48_1,44.93597,-93.27458
1503,I-35W NB @ 37th St,L35WN48_2,44.93597,-93.27462
1504,I-35W NB @ 37th St,L35WN48_3,44.93597,-93.27467
1505,I-35W NB @ 37th St,L35WN48_4,44.93597,-93.2747
1506,I-35W NB @ 37th St,L35WN48_5,44.93597,-93.27475
1507,I-35W SB @ 66th St,L35WS60_3,44.88653,-93.29619
1508,I-94 EB @ Riverside Ave,L94E60_3,44.96424,-93.23384
1509,I-94 EB @ Riverside Ave,L94E60_4,44.96425,-93.23386
1510,I-35W NB N of Cliff Rd,L35WN25_3,44.79008,-93.2888
1511,I-94 EB @ Riverside Ave,L94E60_1,44.96414,-93.23384
1512,I-35W NB N of Cliff Rd,L35WN25_2,44.79008,-93.28876
1513,I-35W NB N of Cliff Rd,L35WN25_1,44.79008,-93.28871
1514,I-94 EB @ Riverside Ave,L94E60_2,44.9642,-93.23384
1515,I-35W SB @ 106th St,L35WS72_2,44.80983,-93.29167
1516,I-35W NB @ McAndrews Rd,V35WN03,44.75222,-93.2858
1517,I-35W NB N of Cliff Rd,V35WN04,44.7904,-93.28839
1518,I-35W SB @ 106th St,L35WS72_3,44.80983,-93.29162
1519,I-35W NB @ Southcross Dr,V35WN01,44.73762,-93.28289
1520,I-35W NB @ Co Rd 42,V35WN02,44.74522,-93.28273
1521,I-35W NB @ Sunset Rd,V35WN11T,45.16839,-93.14095
1522,I-35W NB @ Hennepin Ave,V35WN07,44.99136,-93.23621
1523,I-35W NB S of 86th St,V35WN05,44.84558,-93.29799
1524,I-35W NB @ 42nd St,V35WN06,44.92684,-93.27442
1525,T.H.62 WB @ Hiawatha Ave,V62W01T,44.89838,-93.19917
1526,I-35W NB S of Co Rd E2,V35WN09,45.04802,-93.18869
1527,T.H.61 SB @ Lower Afton Rd,V61S50,44.92627,-93.02081
1528,T.H.61 SB S of 80th St,V61S52,44.82774,-92.95703
1529,I-35W SB @ 106th St,L35WS72_1,44.80983,-93.29171
1530,I-94 EB @ Snelling Ave,L94E72_4,44.9516,-93.16455
1531,I-35W NB @ 33rd St,L35WN49_5,44.94363,-93.27485
1532,I-35 NB (0.55),V35N03,43.50464,-93.3536
1533,I-94 EB @ Snelling Ave,L94E72_2,44.95156,-93.16456
1534,I-94 EB @ Snelling Ave,L94E72_3,44.95159,-93.16455
1535,I-35 NB S of Crystal Lake Rd,V35N05,44.72427,-93.28166
1536,I-94 EB @ Snelling Ave,L94E72_1,44.9515,-93.16455
1537,I-35E NB @ Goose Lake Rd,V35EN13A,45.06358,-93.05554
1538,I-535 NB @ Blatnik Approach,V535N160,46.73206,-92.0985
1539,T.H.610 WB @ Revere Ln,V610W04,45.13087,-93.41106
1540,I-35E NB N of Co Rd 96,V35EN13B,45.08902,-93.05203
1541,I-35W NB @ 94th St,MP35WN08_2,44.83092,-93.29242
1542,I-35W NB @ 94th St,MP35WN08_1,44.83092,-93.29242
1543,I-35E NB @ Arlington Ave,V35EN11A,44.98326,-93.08873
1544,I-35W NB @ 41st St,L35WN47_1,44.9291,-93.2746
1545,I-35W NB @ 41st St,L35WN47_2,44.9291,-93.27465
1546,I-35W SB @ 70th St,MP35WS03_1,44.87631,-93.2986
1547,I-35W NB @ 41st St,L35WN47_3,44.9291,-93.27468
1548,I-35W NB @ 41st St,L35WN47_4,44.9291,-93.27473
1549,I-35W NB @ 41st St,L35WN47_5,44.9291,-93.27477
1550,Unknown location,VWSPORT1,46.73283,-92.1167
1551,T.H.280 SB N of Energy Park Dr,V280S07,44.98094,-93.20323
1552,I-94 EB @ Western Ave,L94E82_5,44.95139,-93.11896
1553,I-94 EB @ Western Ave,L94E82_4,44.95139,-93.11895
1554,I-94 EB @ Western Ave,L94E82_3,44.9514,-93.11894
1555,I-94 EB @ Western Ave,L94E82_2,44.95135,-93.11898
1556,I-35 NB @ Co Rd 9,V35N39,44.37289,-93.29331
1557,I-35W NB @ Cliff Rd,L35WN24_3,44.78256,-93.28856
1558,I-94 EB @ Western Ave,L94E82_1,44.95131,-93.11896
1559,I-35W NB @ Cliff Rd,L35WN24_2,44.78256,-93.28851
1560,I-35W NB @ Cliff Rd,L35WN24_1,44.78256,-93.28847
1561,I-494 NB S of Schmidt Lake Rd,V494N14,45.04281,-93.45228
1562,T.H.212 EB @ Lyman Blvd,V212E04,44.83975,-93.54866
1563,T.H.212 EB @ Dell Rd,V212E05,44.84913,-93.50462
1564,I-494 NB @ Co Rd 6,V494N11,44.99641,-93.45798
1565,I-35 NB (MP 51.00),V35N30,44.2129,-93.2678
1566,T.H.212 EB W of Prairie Center Dr,V212E07,44.86154,-93.44462
1567,T.H.212 EB @ Bavaria Rd,V212E03,44.81351,-93.61245
1568,I-35W SB N of Minnesota River,L35WS73_1,44.80487,-93.29109
1569,I-35W SB N of Minnesota River,L35WS73_2,44.80487,-93.29105
1570,I-35W SB N of Minnesota River,L35WS73_3,44.80487,-93.291
1571,I-35W SB N of Minnesota River,L35WS73_4,44.80487,-93.29096
1572,T.H.169 NB @ 109th Ave,V169N09,45.1443,-93.39109
1573,C.S.A.H.6 WB E of I-494,VHC6W50,44.9968,-93.4517
1574,I-35 NB @ Paper Mill,V35N102,46.73706,-92.162
1575,U.S.169 NB E of Co Rd 83,V169N01,44.78306,-93.45228
1576,U.S.169 NB @ 36th St,V169N03,44.93906,-93.39653
1577,U.S.169 NB N of Anderson Lakes Pkwy,V169N02,44.8445,-93.39838
1578,I-35 NB (MP 37.5),V35N20,44.02287,-93.2482
1579,U.S.169 NB @ Medicine Lake Rd,V169N07,45.00731,-93.40073
1580,I-35W NB @ 90th St,MP35WN09_1,44.84364,-93.29732
1581,I-94 EB E of Co Rd 37,VT94E30,45.229,-93.62554
1582,I-35W SB @ 50th St,MP35WS02_1,44.91221,-93.27539
1583,I-35W SB @ 50th St,MP35WS02_2,44.91221,-93.27539
1584,U.S.14 EB (Mankato),V14E50,44.1844,-94.02669
1585,I-35W SB @ 70th St,L35WS62_3,44.87623,-93.29842
1586,I-35W SB @ 70th St,L35WS62_2,44.87623,-93.29848
1587,I-35W SB @ 70th St,L35WS62_1,44.87623,-93.29851
1588,I-35W NB @ 90th St,MP35WN09_2,44.84364,-93.29732
1589,I-94 EB @ Franklin Ave,L94E62_3,44.96287,-93.21378
1590,I-94 EB @ Franklin Ave,L94E62_4,44.96292,-93.21378
1591,I-35W NB N of Minnesota River,L35WN27_3,44.80488,-93.29084
1592,I-35 SB (MP 79.5),V35S75,44.5892,-93.29714
1593,I-35W NB N of Minnesota River,L35WN27_2,44.80488,-93.29079
1594,I-94 EB @ Franklin Ave,L94E62_1,44.96282,-93.21388
1595,I-35W NB N of Minnesota River,L35WN27_1,44.80488,-93.29075
1596,I-94 EB @ Franklin Ave,L94E62_2,44.96285,-93.21381
1597,I-35 NB @ 9th Ave W,V35N176,46.77868,-92.10559
1598,U.S.169 NB S of T.H.41,V169N11,44.74731,-93.58667
1599,I-35 NB @ Garfield Ave,V35N171,46.76967,-92.11765
1600,I-35 SB @ Crystal Lake Rd,V35S70,44.72826,-93.28284
1601,I-35W SB @ Black Dog Rd,L35WS74_1,44.79695,-93.28948
1602,I-94 WB E of U.S.75 (MP 0.996),VDL94W96,46.84753,-96.75951
1603,I-35W SB @ Black Dog Rd,L35WS74_2,44.79695,-93.28944
1604,I-35W SB @ Black Dog Rd,L35WS74_3,44.79695,-93.28939
1605,I-94 EB W of T.H.24,VT94E24,45.44528,-94.1175
1606,I-35W SB @ Black Dog Rd,L35WS74_4,44.79695,-93.28935
1607,I-94 EB W of T.H.23,VT94E22,45.54161,-94.31986
1608,I-94 EB E of Co Rd 75,VT94E23,45.48182,-94.14313
1609,I-35W SB @ 33rd St,L35WS51_4,44.94363,-93.27492
1610,I-94 WB @ T.H.336 (MP 6.564),VDL94W90,46.84528,-96.64167
1611,I-35W SB @ 33rd St,L35WS51_3,44.94363,-93.27497
1612,I-35W SB @ 33rd St,L35WS51_2,44.94363,-93.27501
1613,I-94 EB @ Hamline Ave,L94E74_4,44.95172,-93.15386
1614,I-35W SB @ 33rd St,L35WS51_1,44.94363,-93.27505
1615,I-35W NB @ 106th St,L35WN28_4,44.80983,-93.29149
1616,I-94 EB @ Tunnel Entrance,L94E51_2,44.97029,-93.28764
1617,I-94 EB @ Hamline Ave,L94E74_2,44.95169,-93.15386
1618,I-94 EB @ Tunnel Entrance,L94E51_1,44.97029,-93.28769
1619,I-94 EB @ Hamline Ave,L94E74_3,44.95171,-93.15386
1620,I-94 EB @ Hamline Ave,L94E74_1,44.95168,-93.15386
1621,I-94 EB @ Tunnel Entrance,L94E51_3,44.97029,-93.28759
1622,I-94 EB @ MnRoad,VT94E28,45.26451,-93.71668
1623,I-94 EB E of MnRoad,VT94E29,45.2486,-93.68406
1624,I-94 EB @ West River St,VT94E26,45.32047,-93.84182
1625,I-94 EB @ Co Rd 75,VT94E27,45.29089,-93.77465
1626,I-494 WB @ Minnesota River,VM494W04,44.86148,-93.1896
1627,T.H.60 NB W of Paul Ave,V60E50,43.6024,-95.61855
1628,T.H.169 NB,V169N30,44.18691,-94.01275
1629,I-494 WB @ T.H.61,V494W01T3,44.88727,-93.00272
1630,T.H.60 EB,V60E55,43.84716,-95.12131
1631,I-494 WB @ Hardman Ave,V494W01T4,44.88214,-93.02146
1632,I-494 WB @ Lake Rd,V494W01T1,44.91425,-92.98205
1633,I-494 WB @ Carver Ave,V494W01T2,44.89995,-92.99559
1634,I-35W SB @ 42nd St,MP35WS01_2,44.92913,-93.27522
1635,I-35W SB @ 42nd St,MP35WS01_1,44.92913,-93.27522
1636,U.S.14 EB @ C.S.A.H.22,V14E72,44.03451,-92.50755
1637,I-35W NB @ 33rd St,L35WN49_1,44.94363,-93.27468
1638,I-35W NB @ 33rd St,L35WN49_2,44.94363,-93.27472
1639,U.S.14 EB @ 50th Ave NW,V14E70,44.04015,-92.54061
1640,I-35W NB @ 33rd St,L35WN49_3,44.94363,-93.27477
1641,I-35W NB @ 33rd St,L35WN49_4,44.94363,-93.2748
1642,I-35 SB (MP 14.75),V35S97,43.7054,-93.3201
1643,I-35W NB @ Black Dog Rd,L35WN26_3,44.79695,-93.28923
1644,I-35W NB @ Black Dog Rd,L35WN26_2,44.79695,-93.28918
1645,I-35W NB @ Black Dog Rd,L35WN26_1,44.79695,-93.28914
1646,T.H.371 SB @ 250th St,VT371S10,46.11807,-94.34069
1647,I-94 EB @ 8th St,VT94E18,45.6269,-94.57664
1648,I-35 SB (MP 35.79),V35S90,43.9993,-93.2552
1649,I-94 WB @ 1st Ave,L94W50_4,44.96644,-93.27713
1650,I-35 SB (MP 21.58),V35S95,43.8005,-93.2982
1651,T.H.62 WB @ Lexington Ave,V110W01,44.88388,-93.15014
1652,I-35W SB N of Cliff Rd,L35WS75_1,44.79008,-93.28906
1653,I-35W SB N of Cliff Rd,L35WS75_2,44.79008,-93.28902
1654,I-35W SB N of Cliff Rd,L35WS75_3,44.79008,-93.28897
1655,I-94 WB @ 1st Ave,L94W50_3,44.96648,-93.27713
1656,I-35W SB N of Cliff Rd,L35WS75_4,44.79008,-93.28893
1657,I-94 WB @ 1st Ave,L94W50_2,44.96651,-93.27713
1658,T.H.62 EB E of Gleason Rd,V62E01,44.88844,-93.37838
1659,I-94 WB @ 1st Ave,L94W50_1,44.96685,-93.27507
1660,T.H.62 EB @ Penn Ave,V62E03,44.89063,-93.30888
1661,T.H.62 EB E of Portland Ave,V62E05,44.89042,-93.26013
1662,I-35W SB @ 37th St,L35WS52_4,44.93597,-93.27482
1663,I-35W SB @ 37th St,L35WS52_3,44.93597,-93.27486
1664,I-35W SB @ 37th St,L35WS52_2,44.93597,-93.27491
1665,I-35W SB @ 37th St,L35WS52_1,44.93597,-93.27495
1666,I-35E SB @ Deerwood Dr,V35ES10,44.81302,-93.18086
1667,I-35 SB (MP 46.92),V35S85,44.1571,-93.2577
1668,I-94 WB @ Sauk Centre,VT94W40,45.7117,-94.9249
1669,I-94 EB W of Tunnel Entrance,L94E50_2,44.9729,-93.28758
1670,I-35W NB @ 70th St,L35WN38_3,44.87623,-93.29829
1671,I-35W NB @ 70th St,L35WN38_2,44.87623,-93.29825
1672,I-35W NB @ 70th St,L35WN38_1,44.87623,-93.2982
1673,I-94 EB W of Tunnel Entrance,L94E50_1,44.9729,-93.28763
1674,I-35 SB (MP 62.24),V35S80,44.3612,-93.2932
